název produktu;V-kód produktu;skupina produktů;čas cyklu (s);kavita;čas přípravy (s);zmetkovitost (%)
Krycí sklo-brzdové světlo přídav.;V0920;920;43,5;1;14400;5
Pouzdro čiré;V0921;921;30;2;14400;5
Těleso FS LL      PQ 35;V0923;923;;;14400;5
Těleso FS RL     PQ 35;V0924;924;;;14400;5
Těleso FS LL      PQ 46;V0925;925;;;14400;5
Těleso BFS RL   PQ 46;V0926;926;;;14400;5
Těleso FS RL     PQ 46;V0927;927;;;14400;5
Těleso BFS LL   PQ46;V0928;928;;;14400;5
Rám svietidla 3300;V0930;930;38,5;1;14400;5
Optický kryt;V0931;931;;;14400;5
Kryt mikrofonu šedý;V0932;932;44,7;2;14400;5
Kryt mikrofonu černý;V0933;933;32,5;2;14400;5
Kryt malý šedý;V0934;934;;;14400;5
Kryt malý černý;V0935;935;27;2;14400;5
Kryt velký šedý;V0936;936;30,7;2;14400;5
Kryt velký černý;V0937;937;30,9;2;14400;5
Rám svietidla 3360;V0938;938;38,5;1;14400;5
Kryt mikrofonu Astra 3360;V0939;939;29;1;14400;5
Rám svietidla Opel Astra 3311;V0940;940;38,5;1;14400;5
Kryt malý černý - 120 balení;V0941;941;28,9;2;14400;5
Krycí sklo-brzdové světlo příd.;V0942;942;;;14400;5
Optický kryt Insignie D;V0944;944;43;2;14400;5
Kryt;V0946;946;30;1;14400;5
Těleso+těsnění;V0947;947;64;1;14400;5
Těleso+ těsnění 2K- nová forma B;V0948;948;62;1;14400;5
Optický kryt Insignie 2K-nová forma;V0949;949;47;2;14400;5
SR base granit;V0950;950;71;1;14400;5
SR base black;V0951;951;;;14400;5
SR base white;V0952;952;;;14400;5
RR base granit;V0953;953;57,4;1;14400;5
RR base black;V0954;954;49;1;14400;5
RR base white;V0955;955;49;1;14400;5
Drip tray square granit;V0956;956;50,5;2;14400;5
Drip tray square black;V0957;957;;;14400;5
Drip tray square white;V0958;958;;;14400;5
Drip tray round granit;V0959;959;53,5;4;14400;5
Drip tray round black;V0960;960;72;4;14400;5
Drip tray round white;V0961;961;;;14400;5
Drip tray aquarius;V0962;962;;;14400;5
Drip tray aquarius blue;V0963;963;;;14400;5
Stěrka Trumf;V0964;964;48;1;14400;5
Stěrka Trumf;V0966;966;31;1;14400;5
Stěrka Herold;V0967;967;33;1;14400;5
Knoflík Mora ES bílý;V0970;970;35,5;4;14400;5
Knoflík Mora ES hnědý;V0971;971;33,7;4;14400;5
Knoflík Mora PS bílý;V0972;972;36;4;14400;5
Knoflík Mora PS hnědý;V0973;973;31,7;4;14400;5
díl pro Praděd;V0974;974;;;14400;5
díl pro Praděd;V0975;975;;;14400;5
Věž Praděd;V0976;976;;;14400;5
Tácek;V0977;977;55;1;14400;5
Kolečko do vozíku IPG;V0978;978;;;14400;5
Kroužek Mora bílý;V0980;980;32,4;4;14400;5
Kroužek Mora hnědý;V0981;981;26;4;14400;5
Grip Honda Civic LH black;V0982;982;72;1;14400;5
Grip Honda Civic RH black;V0983;983;64;1;14400;5
Grip Honda Civic LH grey;V0984;984;;;14400;5
Grip Honda Civic RH grey;V0985;985;;;14400;5
Rubit Flake black;V0986;986;52;1;14400;5
Rubit Flake Green;V0987;987;52;1;14400;5
Rubit Flake Blue;V0988;988;52;1;14400;5
Rubit Flake Tyrkys;V0989;989;52;1;14400;5
Rubit Flake orange;V0990;990;52;1;14400;5
Rubit Flake red;V0991;991;52;1;14400;5
Plášt kafé mlýnku;V0998;998;61;1;14400;5
Plášť  TFB 3000;V1000;1000;;;14400;5
Profil izolační šedý TFB 3000;V1001;1001;;;14400;5
Vnitřní dno TFB 3000;V1002;1002;;;14400;5
Dno TFB 3000;V1003;1003;;;14400;5
Miska TFB 3000;V1004;1004;;;14400;5
Víko plastové  TFB 3000;V1005;1005;;;14400;5
Držák skla TFB 3000;V1006;1006;;;14400;5
Pant TFB 3000;V1007;1007;;;14400;5
Držák pantu levý TFB 3000;V1008;1008;;;14400;5
Držák pantu pravý TFB 3000;V1009;1009;;;14400;5
Zadní díl pultu TFB 3000;V1010;1010;;;14400;5
Regulační kotouč TFB 3000;V1011;1011;;;14400;5
Sklo signální TFB 3000;V1012;1012;;;14400;5
Třmen tlačítka levý TFB 3000;V1013;1013;;;14400;5
Třmen tlačítka pravý TFB 3000;V1014;1014;;;14400;5
Tlačítko otvírání víka TFB 3000;V1015;1015;;;14400;5
Pult ovládací TFB 3000;V1016;1016;;;14400;5
Díl držadla horní TFB 3000;V1017;1017;;;14400;5
Díl držadla dolní TFB 3000;V1018;1018;;;14400;5
Tlačítko aretace TFB 3000;V1019;1019;;;14400;5
Aretace TFB 3000;V1020;1020;;;14400;5
Kloub držadla TFB 3000;V1021;1021;;;14400;5
Plášť TG 32;V1050;1050;;;14400;5
Profil izolační bílý TG 32;V1051;1051;;;14400;5
Dno vnitřní TG 32;V1052;1052;;;14400;5
Dno TG 32;V1053;1053;;;14400;5
Víko plastové TG 32;V1054;1054;;;14400;5
Nosník otvírání TG 32;V1055;1055;;;14400;5
Díl držadla dolní TG 32;V1056;1056;;;14400;5
Díl držadla horní TG 32;V1057;1057;;;14400;5
Aretace TG 32;V1058;1058;;;14400;5
Tlačítko aretace TG 32;V1059;1059;;;14400;5
Páka spínací TG 32;V1060;1060;;;14400;5
Kryt tlačítka TG 32;V1061;1061;;;14400;5
Páka tlačítka 1 TG 32;V1062;1062;;;14400;5
Páka tlačítka 2 TG 32;V1063;1063;;;14400;5
Tlačítko otvírání TG 32;V1064;1064;;;14400;5
Zadní díl pultu TG 32;V1065;1065;;;14400;5
Pult ovládací TG 32;V1066;1066;;;14400;5
Jezdec bílý TG 32;V1067;1067;;;14400;5
Jezdec modrý TG 32;V1068;1068;;;14400;5
Světlovod TG 32;V1069;1069;;;14400;5
Držák termostatu a pojistky TG 32;V1070;1070;;;14400;5
Kloub držadla  TG32;V1071;1071;;;14400;5
Dno konvice bílé;V1072;1072;;;14400;5
Podstavec horní díl-bílý;V1073;1073;26,6;1;14400;5
Víko-bílé;V1074;1074;;;14400;5
Krytka dražadla-bílá;V1075;1075;;;14400;5
Dražadlo-bílé;V1076;1076;35,3;1;14400;5
Dno konvice černé;V1077;1077;39;1;14400;5
Podstavec horní díl-černý;V1078;1078;26,4;1;14400;5
Víko-černé;V1079;1079;45;1;14400;5
Krytka držadla-černá;V1080;1080;40,6;1;14400;5
Držadlo-černé;V1081;1081;35,5;1;14400;5
Plášť  TG 11;V1100;1100;;;14400;5
Dno 2l TG 11;V1101;1101;;;14400;5
Dno 3l FR 1830/35;V1102;1102;;;14400;5
Víko plastové TG 11;V1103;1103;;;14400;5
Profil izolační oranžový FR 1820/25;V1104;1104;;;14400;5
Profil izolační modrý TG 11;V1105;1105;;;14400;5
Díl držadla dolní TG 11;V1106;1106;;;14400;5
Díl držadla horní TG 11;V1107;1107;;;14400;5
Aretace oranžová TG 11;V1108;1108;;;14400;5
Aretace zelená TG 11;V1109;1109;;;14400;5
Aretace modrá TG 11;V1110;1110;;;14400;5
Kryt koše  TG 11;V1111;1111;;;14400;5
Pant oranžový FR 1820/25;V1112;1112;;;14400;5
Pant modrý TG 11;V1113;1113;;;14400;5
Páka spínací TG 11;V1114;1114;;;14400;5
Třmen otvírací levý oranžový FR 1825;V1115;1115;;;14400;5
Třmen otvírací levý zelený FR 1820;V1116;1116;;;14400;5
Třmen otvírací levý modrý TG 11;V1117;1117;;;14400;5
Třmen otvírací pravý oranž.FR 1825;V1118;1118;;;14400;5
Třmen otvírací pravý zelený FR 1820;V1119;1119;;;14400;5
Třmen otvírací pravý modrý TG 11;V1120;1120;;;14400;5
Tlačítko otvírání oranžové FR 1825;V1121;1121;;;14400;5
Tlačítko otvírání zelené  FR 1820;V1122;1122;;;14400;5
Tlačítko otvírání modré TG 11;V1123;1123;;;14400;5
Zadní díl pultu TG11;V1124;1124;;;14400;5
Pult ovládací TG 11;V1125;1125;;;14400;5
Jezdec oranžový FR 1825;V1126;1126;;;14400;5
Jezdec zelený FR 1820;V1127;1127;;;14400;5
Jezdec modrý TG 11;V1128;1128;;;14400;5
Sklo signální oranžové TG 11;V1129;1129;;;14400;5
Sklo signální červené TG 11;V1130;1130;;;14400;5
Kryt tělesa oranžový FR 1820/25;V1131;1131;;;14400;5
Kryt tělesa modrý TG 11;V1132;1132;;;14400;5
Držák mikrospínače TG11;V1133;1133;;;14400;5
Víko 00434 -modré;V1136;1136;66;1;14400;5
Víko 00434- zelené;V1137;1137;66;1;14400;5
Plášť vysavače - tmavě červený;V1138;1138;108;1;14400;5
Plášť vysavače - tmavě modrý ;V1139;1139;108;1;14400;5
Plastový šroubek;V1140;1140;40;1;14400;5
Plášť FR 2010;V1150;1150;;;14400;5
Plášť FR 2020;V1151;1151;;;14400;5
Profil izolační FR 2010;V1152;1152;;;14400;5
Víko FR 2010;V1153;1153;;;14400;5
Víko dna FR 2010;V1154;1154;;;14400;5
Pult ovládací FR 2010;V1155;1155;;;14400;5
Zadní díl pultu FR 2010;V1156;1156;;;14400;5
Jezdec termostatu FR 2010;V1157;1157;;;14400;5
Páka spínacíFR 2010;V1158;1158;;;14400;5
Držadlo horní díl FR 2010;V1159;1159;;;14400;5
Držadlo dolní díl FR 2010;V1160;1160;;;14400;5
Držák otteru FR 2010;V1161;1161;;;14400;5
Tlačítko víka FR 2010;V1162;1162;;;14400;5
Aretace FR 2010;V1163;1163;;;14400;5
Sklo signální FR 2010;V1164;1164;;;14400;5
Klec bowdenu-sněholez;V1185;1185;;;14400;5
Rotor-sněholez;V1186;1186;;;14400;5
Plášť FR 1910;V1200;1200;;;14400;5
Pult ovládací FR 1910;V1201;1201;;;14400;5
Držadlo dolní díl FR 1910;V1202;1202;;;14400;5
Držadlo horní díl FR 1910;V1203;1203;;;14400;5
Víko dna FR 1910;V1204;1204;;;14400;5
Víko FR 1910;V1205;1205;;;14400;5
Profil izolační FR 1910;V1206;1206;;;14400;5
Regulační kotouč FR 1910;V1207;1207;;;14400;5
Tlačítko víka FR 1910;V1208;1208;;;14400;5
Čep upínací FR 1910;V1209;1209;;;14400;5
Plášť FR 1920;V1210;1210;;;14400;5
Profil izolační FR 1920;V1211;1211;;;14400;5
Víko FR 1920;V1212;1212;;;14400;5
Víko dna FR 1920;V1213;1213;;;14400;5
Pult ovládací FR 1920;V1214;1214;;;14400;5
Aretace šedá Privileg;V1215;1215;;;14400;5
Aretace černá;V1216;1216;;;14400;5
Profil izolační Privileg;V1217;1217;;;14400;5
Regulační kotouč Privileg;V1218;1218;;;14400;5
Držadlo dolní díl Privileg;V1219;1219;;;14400;5
Držadlo horní díl Privileg;V1220;1220;;;14400;5
Tlačítko víka Privileg;V1221;1221;;;14400;5
Tlačítko víka 1920;V1222;1222;;;14400;5
Čelo konektory SMG2 žlutý;V1223;1223;25,2;1;14400;5
Čelo antény SMG1 žluté;V1470;1223;25,2;1;14400;5
Čelo konektory EG2 zelený;V1225;1225;29,2;1;14400;5
Čelo antény EG1 zelené;V1469;1225;29,2;1;14400;5
Čelo konektory BRI;V1227;1227;31,8;1;14400;5
čelo antény Bri;V1229;1227;31,8;1;14400;5
Čelo konektory s potiskem ;V1228;1228;;;14400;5
Panel LED 2n potisk pro Bri;V1230;1230;;;14400;5
Rámeček Bri;V1231;1231;20,4;1;14400;5
Pláš´t horní pro BRI;V1232;1232;;;14400;5
Plášť horní pro BRI LITE;V1233;1233;;;14400;5
Boční čelo LIFTNET bez potisku;V1234;1234;20,7;1;14400;5
boční čelo LIFTNET s potiskem ;V1235;1235;;;14400;5
Clip for Q55;V1236;1236;17,3;1;14400;5
Čelo konektory SmG3;V1238;1238;29;1;14400;5
Čelo antény LTE Router, modrá;V1397;1238;29;1;14400;5
Čelo konektory EG4 zelená pantone 384C;V1240;1240;29,4;1;14400;5
Čelo antény EG1 zelené;V1469;1240;29,4;1;14400;5
Čelo konektory BRI-oranžová, Čelo antény ER1 oranžové;V1242;1240;29,5;1;14400;5
Čelo antény ER1 oranžové;V1458;1240;29,5;1;14400;5
Čelo konektory EG5 zelené;V1245;1245;29,5;1;14400;5
Čelo antény EG1 zelené;V1469;1245;29,5;1;14400;5
Flush Box 2M;V1247;1247;48;1;14400;5
Name key body;V1250;1250;36;1;14400;5
Lens window;V1251;1251;28;1;14400;5
Lens;V1253;1253;27;4;14400;5
Lense;V1254;1254;31;16;14400;5
Lens ;V1255;1255;31;4;14400;5
Button name key body;V1256;1256;35;2;14400;5
Keypad key 0 ;V1258;1258;48;1;14400;5
Keypad Key 1;V1259;1259;48;1;14400;5
Keypad Key 2;V1260;1260;48;1;14400;5
Keypad key 3;V1261;1261;48;1;14400;5
Keypad key 4;V1262;1262;48;1;14400;5
Keypad key 5;V1263;1263;48;1;14400;5
Keypad key 6;V1264;1264;48;1;14400;5
Keypad key 7;V1265;1265;48;1;14400;5
Keypad key 8;V1266;1266;48;1;14400;5
Keypad key 9;V1267;1267;48;1;14400;5
Keypad key phone;V1268;1268;48;1;14400;5
Keypad key sign;V1269;1269;48;1;14400;5
Čelo konektory EG4,USB,vypínač,SMS vstup, modrá;V1270;1270;34;1;14400;5
Čelo antény LTE Router, modrá;V1397;1270;34;1;14400;5
Name Key Button x finish;V1272;1272;30;4;14400;5
Name key body sealed;V1274;1274;39,6;2;14400;5
Name key stick sealed;V1275;1275;26,2;2;14400;5
Name key stick sealed compound;V1276;1276;80;2;14400;5
Čelo konektory EG 6, modrá pantone 2925;V1282;1282;27,5;1;14400;5
Name key body;V1284;1284;31,5;1;14400;5
Lens window;V1285;1285;37;1;14400;5
Čelo konektory EG PRO,USB výpinač +1397;V1287;1287;32,7;1;14400;5
Čelo antény LTE Router, modrá;V1397;1287;32,7;1;14400;5
Čelo konektory EG 7, modrá pantone 2925;V1291;1291;27,5;1;14400;5
Čelo antény LTE Router, modrá;V1397;1291;27,5;1;14400;5
Čelo konektory EG8 zelený + 1469;V1293;1293;28;1;14400;5
Čelo antény EG1 zelené;V1469;1293;28;1;14400;5
Panel for LNAK5 a DZLZ5;V1294;1294;36;1;14400;5
Plášť TG 16;V1300;1300;;;14400;5
Víko dna TG 16;V1301;1301;;;14400;5
Spojka termostatu TG 16;V1302;1302;;;14400;5
Sklo signální TG 16;V1303;1303;;;14400;5
Víko sv.modré TG 16;V1304;1304;;;14400;5
Víko sv.šedé TG 16;V1305;1305;;;14400;5
Profil izolační  sv.modrý TG 16;V1306;1306;;;14400;5
Profil izolační sv. šedý TG 16;V1307;1307;;;14400;5
Pult ovládací sv.modrý TG 16;V1308;1308;;;14400;5
Pult ovládací sv.šedý TG 16;V1309;1309;;;14400;5
Těsnění víka sv.modrý TG 16;V1310;1310;;;14400;5
Těsnění víka sv.šedý TG 16;V1311;1311;;;14400;5
Kloub držadla sv.modrý TG 16;V1312;1312;;;14400;5
Kloub držadla tm.modrý TG 16;V1313;1313;;;14400;5
Kloub držadla sv.šedý TG 16;V1314;1314;;;14400;5
Kloub držadla tm.šedý TG 16;V1315;1315;;;14400;5
Kotouč regulační sv.modrý TG 16;V1316;1316;;;14400;5
Kotouč regulační tm.modrý TG 16;V1317;1317;;;14400;5
Kotouč regulační sv.šedý TG 16;V1318;1318;;;14400;5
Kotouč regulační tm.šedý TG 16;V1319;1319;;;14400;5
Tlačítko otvírací sv.modrý TG 16;V1320;1320;;;14400;5
Tlačítko otvírací tm.modrý TG 16;V1321;1321;;;14400;5
Tlačítko otvírací sv.šedý TG 16;V1322;1322;;;14400;5
Tlačítko otvírací tm.šedý TG 16;V1323;1323;;;14400;5
Tlačítko aretace sv.modrý TG 16;V1324;1324;;;14400;5
Tlačítko aretace tm.modrý TG 16;V1325;1325;;;14400;5
Tlačítko aretace sv.šedý TG 16;V1326;1326;;;14400;5
Tlačítko aretace tm.šedý TG 16;V1327;1327;;;14400;5
Díl držadla dolní sv.modrý TG 16;V1328;1328;;;14400;5
Díl držadla dolní tm.modrý TG 16;V1329;1329;;;14400;5
Díl držadla dolní sv.šedý TG 16;V1330;1330;;;14400;5
Díl držadla dolní tm.šedý TG 16;V1331;1331;;;14400;5
Díl držadla horní sv.modrý TG 16;V1332;1332;;;14400;5
Díl držadla horní tm.modrý TG 16;V1333;1333;;;14400;5
Díl držadla horní sv.šedý TG 16;V1334;1334;;;14400;5
Díl držadla horní tm.šedý TG 16;V1335;1335;;;14400;5
Květináč barevný;V1336;1336;;;14400;5
Panel LED bez loga 2N, bez potisku;V1338;1338;30;1;14400;5
Izolační kroužek;V1340;1340;24,7;1;14400;5
Předpažbí dlouhé;V1341;1341;67;1;14400;5
Pažbička;V1342;1342;55;1;14400;5
Hmatník táhla;V1343;1343;52;2;14400;5
Tubus opěry;V1344;1344;72;1;14400;5
Opěra;V1345;1345;60;1;14400;5
Západka opěry;V1346;1346;18,9;2;14400;5
Polohovač opěry;V1347;1347;27;1;14400;5
Kloub;V1348;1348;36,7;1;14400;5
Kloub opěry;V1350;1350;44,3;1;14400;5
Základna opěry;V1351;1351;88;1;14400;5
Opěra;V1352;1352;71;1;14400;5
Aretační páka;V1353;1353;39,8;1;14400;5
Západka opěry;V1354;1354;39,9;2;14400;5
Pažba sklopná;V1355;1355;77;1;14400;5
Rukojeť Granátometu;V1357;1357;58,5;1;14400;5
Kolík předpažbí;V1358;1358;21,3;4;14400;5
Opěra s botkou;V1359;1359;110;1;14400;5
Pažba sklopná s botkou;V1360;1360;114;1;14400;5
Lícnice;V1361;1361;54;2;14400;5
Krytka uzávěrky;V1362;1362;22,5;2;14400;5
Opěra nová;V1363;1363;;;14400;5
Opěra s botkou-zálisek - S;V1364;1364;70;1;14400;5
Opěra s botkou-zálisek - P;V1365;1365;87;1;14400;5
Opěra s botkou - P;V1366;1366;165;1;14400;5
Ramenní opěra s botkou- zálisek - P;V1367;1367;86;1;14400;5
Cover Blind;V1370;1370;23;2;14400;5
Čelo konektory SmG3 Flex,USB,slim SIM,červená vodafone;V1373;1373;30;1;14400;5
Čelo konektory EG2, USB;V1374;1374;26,8;1;14400;5
Těsnění mikrofonu univerzální nový mat.;V1376;1376;30,2;2;14400;5
Těsnění mikrofonu Kompakt nový mat. ;V1377;1376;30,2;2;14400;5
Pláš´t horní potiskSmG1-potisk telefonica;V1378;1378;;;14400;5
Plášť horní EasyGate pro Watstelecom;V1379;1379;;;14400;5
Čelo antény SmG2, FLES, USB, modrá Pantone;V1380;1380;;;14400;5
Čelo konektory SmG2, FLES, USB, modrá Pantone;V1381;1381;25,5;1;14400;5
Čelo antény LTE Router, modrá;V1397;1381;25,5;1;14400;5
Čelo antény SmG Vodafone ,červená;V1383;1383;25,4;1;14400;5
Čelo konekrory SmG2 Flex USB Vodafone;V1385;1383;25,4;;14400;5
Rámeček SmG Vodafone červená;V1384;1384;24,4;1;14400;5
čelo konektory SpeedRouter LTE1, bez phone;V1387;1387;;;14400;5
Dvířka pro spodní díl jako VB ale pro SmG-MPI šedá;V1388;1388;;;14400;5
Plast dolní s dvířky jako VB ale pro SmG-MPI šedá;V1389;1389;36,2;1;14400;5
Zádní část;V1390;1390;44,6;1;14400;5
Zadní vložka;V1391;1391;43;1;14400;5
Noha;V1392;1392;43;1;14400;5
Čelíčko RING SWITCH;V1394;1394;20,9;1;14400;5
Rámeček LTE Router modrá;V1396;1396;29;1;14400;5
Čelo antény LTE Router, modrá;V1397;1397;34,9;1;14400;5
Čelo konektory LTE1,zákl.verze, modrá;V1398;1397;34,9;1;14400;5
Základna;V1400;1400;33,8;1;14400;5
Skelet základní;V1402;1402;34;1;14400;5
Skelet externí;V1403;1403;43;1;14400;5
Záslepka;V1404;1404;24;4;14400;5
Propojka;V1405;1405;17,6;1;14400;5
Zvukovod;V1406;1406;21,2;2;14400;5
Světlovod klávesnice;V1407;1407;18,7;1;14400;5
Světlovod ext. ;V1408;1408;20,1;1;14400;5
světlovod zákl.;V1409;1409;13,2;1;14400;5
Vložka jmenovky;V1410;1410;18,8;1;14400;5
těsnění zvukovodu;V1411;1411;22,5;2;14400;5
Těsnění repro;V1412;1411;22,5;2;14400;5
Průzor kamery;V1413;1413;19;1;14400;5
Záslepka kamery;V1414;1414;19,7;1;14400;5
Kámen;V1415;1415;21,9;4;14400;5
Držák kamery;V1416;1416;18,9;1;14400;5
Nosník kamery;V1417;1417;18,9;1;14400;5
Držák repro.;V1418;1418;16,9;2;14400;5
Vložka tlačítka;V1419;1419;18,5;4;14400;5
Chránič kon.8;V1420;1420;21,9;1;14400;5
Chránič ko. 4;V1421;1421;21,3;2;14400;5
Jmenovka;V1422;1422;24;2;14400;5
Jmenovka INFO;V1423;1423;30;1;14400;5
Mřížka Klávesnice;V1424;1424;24,6;1;14400;5
Vložka jmenovky;V1425;1425;23,8;1;14400;5
Rozvaděč zakl. ;V1426;1426;17,8;3;14400;5
Rozvaděč ext.;V1427;1427;15,2;1;14400;5
Jmenovka sestavená 1 šipka;V1428;1428;24;2;14400;5
Jmenovka sestavená 2 šipky;V1429;1429;24;2;14400;5
Klávesnice sestavená;V1430;1430;;;14400;5
Jmenovka sestavená info;V1431;1431;;;14400;5
Záslepka mikrofonu;V1432;1432;21,6;1;14400;5
Kryt čtečky;V1434;1434;23,78;1;14400;5
Okno displeje;V1435;1435;;;14400;5
Boční čelo EnergyBank;V1436;1436;17,9;1;14400;5
Boční čelo SmartGate;V1437;1437;19,5;1;14400;5
Boční čelo EasyGate LITE;V1438;1438;;;14400;5
Boční čelo EasyGate ;V1439;1439;19,5;1;14400;5
Horní kryt + 1441;V1440;1440;40,5;1;14400;5
Dolní kryt;V1441;1440;40,5;1;14400;5
Plašť světlovod EasyGate;V1443;1443;17,5;3;14400;5
Plášť horní bez potisku;V1450;1450;34;1;14400;5
plášť dolní;V1451;1451;33;1;14400;5
Plášť dolní baterie;V1452;1452;30,9;1;14400;5
Víko baterie bílé;V1453;1453;30,9;2;14400;5
Plášť Flex rámeček ER oranžový;V1454;1454;18,5;1;14400;5
Panel LED 2N bez potisku;V1455;1455;26,5;1;14400;5
Plášť Flex držák čela ER oranžový;V1457;1457;25,5;1;14400;5
Čelo antény ER1 oranžové;V1458;1457;25,5;1;14400;5
Světlovod indikátoru + 1460;V1459;1459;26,5;1;14400;5
Světlovod signálu;V1460;1459;26,5;1;14400;5
Kroužek Mora potisk bílý 1E-022;V1461;1461;;;14400;5
Kroužek Mora potisk bílý 1E-034;V1463;1463;;;14400;5
Plášt horní Smart Gate;V1466;1466;;;14400;5
Čelo konektoru SMG1 s potiskem;V1468;1468;;;14400;5
Čelo konektoru SMG1-žlutý, Čelo antény SMG1 žluté;V1467;1467;25,5;1;14400;5
Čelo antény SMG1 žluté;V1470;1467;25,5;1;14400;5
Čelo antény EG1 zelené;V1469;1469;28;1;14400;5
Čelo konektoru EG1 zelený;V1478;1469;28;1;14400;5
Rámeček EG1 zelený;V1471;1471;21,4;1;14400;5
Rámeček SMG1 žlutý;V1472;1472;17,6;1;14400;5
Kroužek Mora potisk hnědý 6E-019;V1473;1473;;;14400;5
Kroužek Mora potisk hnědý 6E-020;V1474;1474;;;14400;5
Kroužek Mora potisk hnědý 6E-021;V1475;1475;;;14400;5
Panel LED 2N potisk EsayRoute;V1476;1476;;;14400;5
Plášt horní EasyRoute;V1477;1477;;;14400;5
Čelo konektoru EG1 s potiskem;V1479;1479;;;14400;5
Boční čelo EnergyBank - potisk;V1480;1480;;;14400;5
Boční čelo SmartGate- potisk;V1481;1481;;;14400;5
Boční čelo EasyGate LITE - potisk;V1482;1482;;;14400;5
Boční čelo EasyGate - potisk;V1483;1483;;;14400;5
Základna černá;V1484;1484;;;14400;5
Základna s odfrézováným žebrem černá;V1485;1485;;;14400;5
Záslepka černá;V1486;1486;;;14400;5
Kámen kouřový;V1487;1487;;;14400;5
Jmenovka kouřová;V1488;1488;;;14400;5
Jmenovka kouřová 1.šipka;V1489;1489;;;14400;5
Jmenovka kouřová  2.šipka;V1490;1490;;;14400;5
Mřížka klávesnice černá;V1491;1491;;;14400;5
Klávesnice sestavená s potiskem černá;V1492;1492;;;14400;5
Držák displeje levý;V1493;1493;;;14400;5
Držák displeje pravý;V1494;1494;;;14400;5
Boční čelo LIFTNET;V1495;1495;17,9;1;14400;5
Boční čelo LIFTNET s potiskem;V1496;1496;;;14400;5
Horní díl LIFTNET;V1497;1497;34,6;1;14400;5
Horní díl LIFTNET s potiskem;V1498;1498;;;14400;5
Spodní díl LIFTNET;V1499;1499;34,6;1;14400;5
Držák objektivu kamery;V1504;1504;26;1;14400;5
Horn SWITCH;V1505;1505;28,3;2;14400;5
Plastová rozpěrka;V1506;1506;17;2;14400;5
Intermediate Part;V1508;1508;45;1;14400;5
Horní kryt EASYROUTER;V1509;1509;;;14400;5
Boční čelo EASYROUTE;V1510;1510;18,2;1;14400;5
Boční čelo EasyGate 3G USB;V1512;1512;20;1;14400;5
Clip for Q55;V1514;1514;17,3;1;14400;5
Okno Displej rám;V1518;1518;18,5;1;14400;5
Zvukovod metalický;V1519;1519;20,6;2;14400;5
Těsnění mikrofonu;V1520;1520;27;2;14400;5
Těsnění mikrofonu kompakt;V1521;1521;27;2;14400;5
dolní díl upravený;V1522;1522;32,4;1;14400;5
dvířka Voice blue;V1523;1523;14,9;1;14400;5
Plášt čelo Voice Blue;V1524;1524;19,7;1;14400;5
Plášt horní  Voice Blue bez potisku;V1526;1526;32,4;1;14400;5
Skelet základní Displej frézovaný;V1527;1527;35;1;14400;5
Držák mikrofonu + 1529;V1528;1528;17,9;1;14400;5
Víčko;V1529;1528;17,9;1;14400;5
Panel LED 2N potisk pro EasyGate;V1532;1532;;;14400;5
Panel LED 2N potisk pro SmartGate;V1533;1533;;;14400;5
Boční čelo EasyRoute bez FXS ;V1534;1534;18,5;1;14400;5
Plášť horní potisk pro Speedy ROUTER LTE;V1536;1536;;;14400;5
Destička ;V1537;1537;36,6;1;14400;5
Panel výlisek s tlačítkem;V1538;1538;90;1;14400;5
Panel výlisek bez tl. forma;V1539;1539;200;1;14400;5
Plast 2 d KRASTEN + 1542;V1540;1540;26,1;1;14400;5
Pl. spod. KRASTEN336;V1542;1540;26,1;1;14400;5
Plast 3 d KRASTEN + 1542;V1541;1541;27,6;1;14400;5
Pl. spod. KRASTEN336;V1542;1541;27,6;1;14400;5
Kryt rozvodnice - typ KS 6;V1550;1550;31;1;14400;5
Kryt rozvodnice -typ KS 8;V1551;1551;36,5;1;14400;5
Kryt pojistek KP 14;V1552;1552;28;1;14400;5
Kryt pojistek KP 27;V1553;1553;29,8;1;14400;5
OCS CARRIER FEMALE;V1555;1555;54;4;14400;5
OCS CARRIER SPACER;V1556;1556;32,7;4;14400;5
OCS CARRIER FEMALE;V1557;1557;53,5;4;14400;5
OCS CARRIER MALE;V1558;1558;58;4;14400;5
Bush;V1560;1560;22,6;6;14400;5
SWITCH BUMPER-BRAKE;V1561;1561;44,3;2;14400;5
Clutch Bushing;V1562;1562;21;8;14400;5
Brake Bushing;V1563;1563;24,8;5;14400;5
Clutch M/C Pin;V1564;1564;23,5;8;14400;5
OCS RETAINER MALE (DUAL);V1565;1565;52;8;14400;5
OCS SPACER;V1566;1566;36;4;14400;5
OCS RETAINER FEMALE (DUAL);V1567;1567;36;4;14400;5
CL PDL ARM RHD L538;V1568;1568;89;1;14400;5
CL PDL ARM LHD L538;V1569;1569;76;1;14400;5
Grip Suzuki ;V1570;1570;42,2;2;14400;5
Výlevka;V1571;1571;21;8;14400;5
Kryt sušičky bot;V1573;1573;51,8;1;14400;5
Víko sušičky bot;V1574;1574;51,8;1;14400;5
IAU Cover LHD;V1578;1578;40;1;14400;5
Hrdlo;V1580;1580;22;2;14400;5
Základna;V1581;1581;13,2;4;14400;5
Rozpěrka;V1582;1582;14;4;14400;5
Průchodka;V1584;1584;63;16;14400;5
V-seal / Collarin;V1585;1585;31;16;14400;5
CZA00815;V1586;1586;;;14400;5
M39284;V1587;1587;;;14400;5
Intermediate Part-NOVÝ;V1588;1588;32,5;1;14400;5
Plate Diaphragm;V1589;1589;25,5;1;14400;5
Bracket 178.634-01 + 1594;V1593;1593;28,9;1;14400;5
Bracket 178.635-01;V1594;1593;28,9;1;14400;5
Kryt Plexi malý;V1600;1600;112;1;14400;5
Kryt Plexi velký;V1601;1601;115;1;14400;5
Kryt Plexi velký LINN;V1602;1602;89,5;1;14400;5
Základna 120.955.985;V1603;1603;23,4;2;14400;5
Základna;V1604;1604;28,8;2;14400;5
Hubice;V1605;1605;34;2;14400;5
Labyrint;V1606;1606;20,3;3;14400;5
Víko;V1607;1607;20,79;3;14400;5
Základna;V1608;1608;28;2;14400;5
Víko;V1609;1609;17,2;2;14400;5
Kolo velké;V1610;1610;18,8;2;14400;5
Kolo malé;V1611;1611;17,5;4;14400;5
Táhlo;V1612;1612;25,9;3;14400;5
Šnek;V1613;1613;19;4;14400;5
Tělo trysky;V1614;1614;19,8;2;14400;5
Táhlo-Sobol;V1615;1615;26,9;4;14400;5
Plexi  kouřový;V1616;1616;78,3;1;14400;5
Labyrint nová forma;V1617;1617;30;8;14400;5
Kryt Plexi malý, duplicita 1600;V1618;1618;104;1;14400;5
Kryt plexi kouřový, dupl. 1616;V1619;1619;94;1;14400;5
Hubice - nová forma;V1620;1620;30;2;14400;5
Výlevka bílá - nová;V1627;1627;24;8;14400;5
Výlevka červená - nová;V1628;1628;26;8;14400;5
Těsnící vložka s vodiči;V1630;1630;22;1;14400;5
Bajonet;V1631;1631;;;14400;5
Krytka ;V1632;1632;;;14400;5
Těleso komplet;V1635;1635;40;1;14400;5
Kroužek;V1636;1636;17;1;14400;5
tlačítko bez Sklíčka;V1637;1637;35;1;14400;5
tlačítko se sklíčkem;V1638;1638;25;1;14400;5
Víčko komplet;V1639;1639;65;1;14400;5
Zástřik těsnění bez kamery;V1640;1640;45;2;14400;5
Miska s kapsou hrdla;V1641;1641;49;1;14400;5
Bush;V1649;1649;22,4;13;14400;5
CMC Bushing;V1650;1650;35;7;14400;5
Bearing Shell;V1651;1651;18;16;14400;5
Bearing Bushing;V1652;1652;32,3;16;14400;5
PAD RHD auto;V1656;1656;100;2;14400;5
PAD RHD manuál;V1657;1657;96;2;14400;5
Pedal PAD TWO-SHOT ASSY;V1658;1658;58,9;2;14400;5
Wot Stop Auto 50KD- prvostřik;V1659;1659;19,3;8;14400;5
Wot Stop Auto 50KD;V1660;1660;70;8;14400;5
SPRG-CARR-OCS-MALE;V1661;1661;75;8;14400;5
SPRG-CARR-OCS-SPACER + 1663;V1662;1662;40;8;14400;5
SPRG-CARR-OCS-FEMALE;V1663;1662;40;8;14400;5
OCS-CARRIER -MALE;V1664;1664;58;4;14400;5
Drip tray grile moulded cream;V1677;1677;22,8;2;14400;5
Door moulded cream;V1678;1678;63,5;1;14400;5
Front panel moulded cream;V1679;1679;61;1;14400;5
Fascia insert 4.otvory moulded grey;V1680;1680;47,9;1;14400;5
fascia insert 4.otvory moulded cream;V1682;1682;46,4;1;14400;5
Fascia insert 3.otvory moulded grey;V1684;1684;46,7;1;14400;5
Fascia insert 3.otvory moulded cream;V1686;1686;46,2;1;14400;5
Fascia insert moulded grey;V1688;1688;38;1;14400;5
Fascia insert moulded cream;V1690;1690;45,6;1;14400;5
Fascia insert Cup 4.otvory moulded grey;V1692;1692;49,5;1;14400;5
Fascia insert Cup 4.otvory moulded ;V1694;1694;49,5;1;14400;5
Fascia insert Cup 3.otvory moulded ;V1696;1696;43;1;14400;5
Fascia insert Cup moulded cream;V1698;1698;40,8;1;14400;5
Door,Moulded;V1700;1700;94;1;14400;5
Front panel,Moulded;V1701;1701;56,3;1;14400;5
Front panel,Insert;V1702;1702;72;1;14400;5
Drip Tray Grille;V1703;1703;22,8;2;14400;5
Drip Tray;V1704;1704;41,3;1;14400;5
Trim ,Base;V1705;1705;41,3;1;14400;5
Cup Dispenser Base;V1706;1706;36,7;1;14400;5
Cup Dispenser Top;V1708;1708;36,7;1;14400;5
Cup Dispenser Piston;V1709;1709;36,7;1;14400;5
Top - Moulded Cup;V1710;1710;61,7;1;14400;5
Fascia Insert ,Moulded Cup;V1711;1711;46,5;1;14400;5
Fascia Insert ,Moulded ;V1712;1712;38,8;1;14400;5
Top - Moulded ;V1713;1713;60;1;14400;5
Faucet Cover B1DR BLUE ,Indigo;V1715;1715;41;1;14400;5
Faucet Cover B1DR BLACK, Indigo;V1716;1716;41;1;14400;5
Grille,Tray B1DR Blue;V1717;1717;34,7;2;14400;5
Grille , Tray B1DR Black;V1718;1718;29,4;1;14400;5
Drip Tray ,B1DR Blue;V1719;1719;50,3;2;14400;5
Drip Tray B1DR Black;V1720;1720;50;1;14400;5
Grille, Tray B1AR Blue;V1721;1721;29,2;1;14400;5
Grille, Tray B1AR Silver;V1722;1722;;;14400;5
Grille tray B1AR na lakování;V1723;1723;;;14400;5
Grille , Tray B1DR Black;V1724;1724;;;14400;5
Faucet cover B1AR na lakování;V1725;1725;;;14400;5
Faucet Cover , TRR;V1726;1726;42;1;14400;5
Faucet Cover B1AR Blue, RFX;V1727;1727;36;1;14400;5
Faucet Cover B1AR Black, RFX;V1728;1728;;;14400;5
Faucet Cover B12AR Silver;V1279;1729;;;14400;5
Door, Painted;V1730;1730;;;14400;5
Front panel, Painted;V1731;1731;;;14400;5
Fascia Insert Cup, Painted - bez potisku;V1732;1732;;;14400;5
Drip Tray Grille ,Painted;V1733;1733;;;14400;5
Fascia Insert Cup Painted;V1734;1734;;;14400;5
Fascia Insert , Painted - bez potisku;V1735;1735;;;14400;5
Drip Tray B1NR White;V1736;1736;34;2;14400;5
Drip Tray B1NR Granit;V1737;1737;34;2;14400;5
Drip Tray B1NR  Black;V1738;1738;34;2;14400;5
Drip Tray B1NR Blue;V1739;1739;35;1;14400;5
Fascia Insert , Painted ;V1740;1740;;;14400;5
Fascia Insert Cup 3.otvory bez potisku;V1741;1741;46;1;14400;5
Fascia Insert 3.otvory bez potisku;V1742;1742;44;1;14400;5
Fascia Insert Cup 4 otvory bez potisku;V1743;1743;46,4;1;14400;5
Fascia Insert 4.otvory bez potisku;V1744;1744;43,6;1;14400;5
Fascia Insert Cup 3. otvory- Painted bez otisku;V1745;1745;;;14400;5
Fascia Insert 3. otvory- Painted bez potisku;V1746;1746;;;14400;5
Fascia Insert Cup 4.otvory Painted bez potisku;V1747;1747;;;14400;5
Fascia Insert 4. otvory- Painted bez potisku;V1748;1748;;;14400;5
Fascia Insert Cup 3.otvory Painted;V1749;1749;;;14400;5
Fascia Insert 3.otvory Painted;V1750;1750;;;14400;5
Fascia Insert Cup 4.otvory Painted;V1751;1751;;;14400;5
Fascia Insert 4.otvory Painted;V1752;1752;;;14400;5
LID,B1TR;V1753;1753;44;1;14400;5
LID,P1TR;V1754;1754;44;1;14400;5
Front panel moulded grey;V1755;1755;71,9;1;14400;5
Door moulded grey;V1756;1756;80;1;14400;5
Fascia insert Cup mouldet grey-bez potisku;V1757;1757;49;1;14400;5
Drip tray grille moulded grey;V1759;1759;25,5;2;14400;5
Fascia insert Cup 3.otvory moulded grey;V1760;1760;45,6;1;14400;5
Rukojeť;V1771;1771;51;4;14400;5
Knoflík;V1772;1772;24,4;8;14400;5
Seřízovací kolík;V1773;1773;56,8;6;14400;5
Držák koleček;V1774;1774;37,3;3;14400;5
Otoční kolečka;V1775;1775;;;14400;5
2K Cover lens;V1788;1788;99;1;14400;5
2K Lens 210.210-00;V1794;1794;76,5;1;14400;5
Light Conductor 210.211-00;V1795;1795;72;2;14400;5
Cable retainer-clevis;V1800;1800;17,3;2;14400;5
Optikelement FL;V1815;1815;54,5;4;14400;5
Resonator Oberteil;V1820;1820;32;2;14400;5
Resonator OT;V1821;1821;60;1;14400;5
Resonator UT;V1822;1821;60;1;14400;5
Resonatorsatz 21-2258-12 (1821+1822);V1823;1823;;;14400;5
Kupplung polotovar;V1824;1824;35,8;2;14400;5
Einfachflansch;V1825;1825;27,9;1;14400;5
Clip;V1826;1826;24,4;8;14400;5
Doppelflansch;V1827;1827;43,4;1;14400;5
Resonatorobertail;V1828;1828;;;14400;5
Inlet Pipe / Rura wlotu;V1829;1829;;;14400;5
Pufferhalter;V1830;1830;16,2;2;14400;5
Krümmer 60 MM 93 °;V1831;1831;25,7;1;14400;5
Krümmer 60 MM 25 °;V1832;1832;25,7;1;14400;5
Krümmer 70 MM 93 °;V1833;1833;25,9;1;14400;5
Krümmer 70 MM 25 °;V1834;1834;25,9;1;14400;5
Upper part;V1835;1835;44;1;14400;5
Bottom part;V1836;1836;59;1;14400;5
Miska na paštiku Ivory;V1867;1867;29,5;2;14400;5
Miska na paštiku oranžová;V1868;1868;31,2;2;14400;5
Miska na paštiku červená;V1869;1869;32,4;2;14400;5
Základna;V1870;1870;86;1;14400;5
Miska;V1871;1871;74,2;1;14400;5
Podložka;V1873;1873;38,3;2;14400;5
Light Guide HT38 (prvostřk k 1879) ;V1878;1878;24,7;1;14400;5
Light Guide HT38;V1879;1879;55;1;14400;5
Průchodka kabelu;V1897;1897;25,3;4;14400;5
Zátka SOR;V1899;1899;;;14400;5
Třítko na česnek malé čiré;V1900;1900;;;14400;5
Třítko na česnek malé černé;V1901;1901;;;14400;5
Třítko na česnek malé zelené;V1902;1902;;;14400;5
Třítko na česnek malé modré;V1903;1903;;;14400;5
Třítko na česnek malé tyrkysové;V1904;1904;;;14400;5
Třítko na česnek malé oranžové;V1905;1905;;;14400;5
Třítko na česnek malé červené;V1906;1906;;;14400;5
Třítko na česnek velké čiré;V1907;1907;;;14400;5
Třítko na česnek velké černé;V1908;1908;;;14400;5
Třítko na česnek velké zelené;V1909;1909;;;14400;5
Třítko na česnek velké modré;V1910;1910;;;14400;5
Třítko na česnek velké tyrkysové;V1911;1911;;;14400;5
Třítko na česnek velké oranžové;V1912;1912;;;14400;5
Třítko na česnek velké červené;V1913;1913;;;14400;5
Třítko na česnek střední zelené;V1914;1914;;;14400;5
Třítko na česnek střední modré;V195;1915;;;14400;5
Třítko na česnek střední černé;V1916;1916;;;14400;5
Třítko na česnek střední oranžové;V1917;1917;;;14400;5
Třítko na česnek střední červené;V1918;1918;;;14400;5
Třítko na česnek střední tyrkysové;V1919;1919;;;14400;5
Třítko na česnek velké s okrajem černé;V1920;1920;;;14400;5
Třítko na česnek velké s okrajem zelené;V1921;1921;;;14400;5
Třítko na česnek velké s okrajem modré;V1922;1922;;;14400;5
Třítko na česnek velké s okrajem tyrkysové;V1923;1923;;;14400;5
Třítko na česnek velké s okrajem oranžové;V1924;1924;;;14400;5
Třítko na česnek velké s okrajem červené;V1925;1925;;;14400;5
Jednohubka červená;V1928;1928;22,6;16;14400;5
Jednohubka oranžová;V1929;1929;22,6;16;14400;5
Jednohubka zelená;V1930;1930;22,6;16;14400;5
Jednohubka tyrkys;V1931;1931;22,6;16;14400;5
Jednohubka modrá;V1932;1932;22,6;16;14400;5
Jednohubka černá;V1933;1933;22,6;16;14400;5
Spona;V1938;1938;;;14400;5
Opěrka ;V1945;1945;80;2;14400;5
Držadlo horní;V1946;1946;47;1;14400;5
Držadlo dolní;V1947;1947;36,9;1;14400;5
Connection piece-na vypálení;V1948;1948;40;1;14400;5
Conection piece;V1949;1949;;;14400;5
Kryt 1;V1950;1950;32,8;1;14400;5
Kryt 2;V1951;1951;35;1;14400;5
Zásobník;V1952;1952;39,1;1;14400;5
Deska 1;V1953;1953;43,3;1;14400;5
Deska 2;V1954;1954;40,3;1;14400;5
Deska 4A;V1955;1955;31,5;1;14400;5
Deska 4;V1956;1956;39;1;14400;5
Kryt náhonu;V1957;1957;34;1;14400;5
Kryt;V1958;1958;28,6;1;14400;5
Kryt motoru;V1960;1960;34;1;14400;5
Unašeč kartáče;V1961;1961;55;4;14400;5
Ložisko 1;V1962;1962;22,74;2;14400;5
Ložisko 2;V1963;1962;22,74;2;14400;5
Kolo napínací;V1964;1964;;;14400;5
Kolo napínací sestavené;V1965;1965;;;14400;5
Držák trubiček;V1966;1966;35;2;14400;5
Kolo unášecí;V1967;1967;29,8;3;14400;5
Kolo unášecí sestavené;V1968;1968;;;14400;5
Kartáč sestavený;V1969;1969;;;14400;5
Náboj kartáče sestavený;V1970;1970;;;14400;5
Rozpěrka;V1971;1971;17,5;1;14400;5
Držák ložiska;V1972;1972;17,5;4;14400;5
Deska napínání;V1973;1973;20,3;2;14400;5
Kladka;V1974;1974;34,7;1;14400;5
Kolo velké-kladka;V1975;1975;34,7;1;14400;5
Kolo malé- klíňák 1;V1976;1976;35,6;1;14400;5
Kolo velké- klíňák ;V1977;1977;35,6;1;14400;5
Kolo malé- klíňák 2;V1978;1978;35,6;1;14400;5
Držák;V1979;1979;20,3;4;14400;5
Kryt vypínače;V1980;1980;23,2;1;14400;5
Rukojeť víko 3;V1983;1983;;;14400;5
Rukojeť tělo 3;V1984;1984;;;14400;5
Ucho;V1985;1985;;;14400;5
Průchodka;V1986;1986;;;14400;5
Opěra;V1987;1987;;;14400;5
Stojan RO;V1988;1988;43;1;14400;5
Stojan RG;V1989;1989;70;1;14400;5
Stojan PR26;V1990;1990;47;1;14400;5
Plášť PR26 Top Titanium;V1991;1991;38,1;1;14400;5
Držadlo horní PR26;V1992;1992;27;1;14400;5
Držadlo spodní PR26 230V;V1993;1993;31,8;1;14400;5
Kryt držadla PR26;V1994;1994;19,8;1;14400;5
Držadlo spodní PR26 110V;V1995;1995;29,7;1;14400;5
Plášť PR26 Pro Titanium  Pro Titanium;V1996;1996;40,2;1;14400;5
Madlo dolní PR26 240V;V1997;1997;29,7;1;14400;5
Držadlo spodní 230V 450W;V1998;1998;34,4;1;14400;5
4VFX-13B582-BA;V2001;2001;;;14400;5
4VFX-13B561-BA;V2003;2003;;;14400;5
3CLX-13328-AAB;V2006;2006;24,8;2;14400;5
3CKX-13A338-AA;V2010;2010;22,2;4;14400;5
95AG-11667-AA;V2011;2011;29;8;14400;5
95GG-10C885-AA;V2012;2012;45;4;14400;5
95GG-13787-AB;V2013;2013;30;4;14400;5
98VB-13N371-AA;V2015;2015;;;14400;5
VP2M5X-13N371-AAZ;V2016;2016;24,5;4;14400;5
2C4X-13N371-AA;V2017;2017;;;14400;5
VAXBYX-13N371-AA;V2018;2018;;;14400;5
XS4X-13N371-AB;V2020;2020;24,5;4;14400;5
XS4X-14A459-BB;V2021;2021;22,3;4;14400;5
VAYBYX-13N371-AA;V2022;2022;;;14400;5
5031.27;V2023;2023;18;10;14400;5
98VB-13K424-AA;V2024;2024;;;14400;5
VPXS4X-13N019-AA;V2025;2025;26,8;6;14400;5
7007.13;V2030;2030;36,6;6;14400;5
7020.21;V2031;2031;22,3;4;14400;5
7020.27V;V2032;2032;16,5;12;14400;5
7030.35;V2033;2033;;;14400;5
7102.12;V2034;2034;19,3;4;14400;5
7102.36;V2035;2035;33,7;4;14400;5
7104.18;V2036;2036;31;2;14400;5
7110.21;V2037;2037;;;14400;5
7114.53;V2038;2038;19,7;4;14400;5
7162.37;V2039;2039;21,2;2;14400;5
7162,39;V2040;2040;;;14400;5
7601.83;V2041;2041;35,4;4;14400;5
7650.20;V2042;2042;23;4;14400;5
7682.54;V2043;2043;35;2;14400;5
7684.15;V2044;2044;18,5;2;14400;5
7690.13;V2045;2045;33,5;3;14400;5
7690.14;V2046;2046;34,5;3;14400;5
7690.15;V2047;2047;34,5;4;14400;5
7690.16;V2048;2048;33,9;3;14400;5
7690.17;V2049;2049;33,5;2;14400;5
95AG-13783-BA;V2050;2050;37,2;2;14400;5
1S7X-13A615-AD;V2051;2051;36;2;14400;5
3C3X-13A615-AA;V2052;2052;35;2;14400;5
VP4X43-13A615-AA;V2053;2053;36;1;14400;5
98VB-13A656-AA;V2054;2054;60;1;14400;5
98VB-13A621-BA;V2055;2055;55;1;14400;5
VP4X43-13A656-AA;V2056;2056;39;1;14400;5
VP3C3X-13A615-BA;V2057;2057;29;2;14400;5
VP5SQX-13A615-BA;V2058;2058;27,8;1;14400;5
VP9X4H-8B237AA;V2064;2064;27,4;1;14400;5
VA2C4X-13N371AA/EA;V2065;2065;24,5;4;14400;5
VAXBYX- 13N371 AA;V2066;2066;24,6;4;14400;5
3M5U-9C368-AA;V2067;2067;14,2;8;14400;5
9X43 8B237AA;V2068;2068;;;14400;5
4VFX-13A565-AA-02;V2100;2100;;;14400;5
VPAW9H-19E778-AB;V2104;2104;24;2;14400;5
VPAW9H-19E778-BA;V2105;2104;24;2;14400;5
VPAH2H-19D935-FB;V207;2107;22;2;14400;5
VPAH2H-19D935-EB;V2108;2108;25,4;2;14400;5
VPAH2H-19D935-DB;V2109;2109;30;2;14400;5
VPAH2H-19D935-CB;V2110;2110;20;4;14400;5
VP9X2H-19E778-AA1;V2111;2111;29,9;8;14400;5
VP9T1H-19702-AA;V2112;2112;18;1;14400;5
DRAIN COCK;V2113;2113;;;14400;5
VP9DGH-8C245-AA;V2114;2114;19;2;14400;5
Clip Tube zálisek;V2121;2121;22,3;2;14400;5
VPAH2H-19E754-HB;V2122;2122;28,5;2;14400;5
VPAV6H-19E778-AA;V2123;2123;;;14400;5
VP8X7H-19E754-AA;V2124;2124;21,6;4;14400;5
YC1H-18N332-BC;V2125;2125;29,6;1;14400;5
VP8G9H-19D738-BA;V2126;2126;34;4;14400;5
VPAMFH-19E934-AA;V2127;2127;23,4;8;14400;5
VPAMFH-18A457-AB;V2128;2128;33;2;14400;5
VP8G9H-19D738-CB;V2131;2131;25;6;14400;5
VPBVNX-14B954-AA;V2132;2132;20,3;2;14400;5
VP9MMH-19E754-AA;V2133;2133;45;8;14400;5
VP8TBH-8C493-AA;V2134;2134;18,7;4;14400;5
VPAMFH-18N276-AA;V2135;2135;29;2;14400;5
VPAV6H-19E778-AB;V2137;2137;34,9;6;14400;5
VP6MTH-19E778-AAA;V2138;2138;22;8;14400;5
VP9PMX-13D096-AA;V2140;2140;;;14400;5
VP9PMX-13D096-BA;V2141;2141;;;14400;5
VP9PMX-13D096-CA;V2142;2142;;;14400;5
VP9PMX-13D096-DA;V2143;2143;;;14400;5
VP9PMX-13D096-EA;V2144;2144;;;14400;5
VP9PMX-13D097-AA;V2145;2145;;;14400;5
VP9PMX-13D097-BA;V2146;2146;;;14400;5
VP9PMX-13D097-CA;V2147;2147;;;14400;5
VP9PMX-13D097-DA;V2148;2148;;;14400;5
VP9PMX-13D097-EA;V2149;2149;;;14400;5
VP5SQX-13A615-BB;V2156;2156;31;1;14400;5
VPAH2H-19D935-GC;V2157;2157;31;6;14400;5
VPATBH-8C493-AA;V2161;2161;17;4;14400;5
VPATBH-8K223-AA;V2162;2162;29,9;1;14400;5
VPAV6H-19E778-AC;V2169;2169;34;6;14400;5
YC1H-18N332-BD;V2197;2197;30,2;1;14400;5
VPAV6H-19E778-BA;V2199;2199;29;4;14400;5
VPDRVH-19D738-AA;V2202;2202;30;4;14400;5
CASTOR LENS;V2205;2205;119;1;14400;5
Čočka kruhová;V2206;2206;124;2;14400;5
Čočka hranatá;V2207;2207;143;2;14400;5
SVĚTLOVOD KULATÝ;V2208;2208;50;1;14400;5
SVĚTLOVOD MALÝ;V2209;2209;41;1;14400;5
SVĚTLOVOD VELKÝ;V2210;2210;55;1;14400;5
VPCV6H-19D702-AA;V2214;2214;;;14400;5
VPCV6H-19D702-BA;V2215;2215;;;14400;5
Čočka hranata velká;V2216;2216;;;14400;5
VPBTBH-8K223-AA;V2219;2219;27,9;1;14400;5
VPCVAX-15K234-AA;V2220;2220;;;14400;5
čočka velká;V2221;2221;883;1;14400;5
VPBCQX-13121-AA;V2224;2224;26;2;14400;5
VPDH9X-13C076-AA;V2245;2245;32;2;14400;5
VPDH5X-13A297-DB;V2251;2251;20,2;2;14400;5
LDM Cover;V2255;2255;32;2;14400;5
VPDSZX-13A338-ED;V2261;2261;35,3;2;14400;5
VPAMFH-18A457-AB;V2274;2274;33;2;14400;5
VPDSZX-13A338-EF;V2276;2276;34,4;2;14400;5
Matrix-lenses-9;V2277;2277;;;14400;5
Matrix-condersor-lens;V2278;2278;;;14400;5
Plastic lenses;V2279;2279;;;14400;5
VPCVAX-13C211-AA;V2280;2280;165;1;14400;5
VPAV1H-19E778-BA;V2285;2285;27,5;4;14400;5
VPAV1H-19E778-CA;V2286;2286;28,7;4;14400;5
VPDTBH-8K223-AA;V2287;2287;34;1;14400;5
VPEVAH-19E889-AA;V2288;2288;32,8;4;14400;5
VPEVAH-19C889-BA;V2290;2290;34,6;4;14400;5
VP8TBH-8K223-BA;V2300;2300;47;1;14400;5
Plastic lens;V2311;2311;;;14400;5
Worm plastic;V2312;2312;;;14400;5
M05 Male Cap- 00177259;V2313;2313;30;16;14400;5
M08 Male Cap-00177260;V2314;2314;30;16;14400;5
M10 Male Cap- 00177261;V2315;2315;27,1;16;14400;5
M12 Male Cap- 00177262;V2316;2316;28,3;16;14400;5
M10 Female Cap- 00177264;V2317;2317;28;16;14400;5
M12 Female Cap- 00177263;V2318;2318;29;16;14400;5
M05 Female Cap- 00177266;V2319;2319;34,2;16;14400;5
M08 Female Cap- 00177265;V2320;2320;24,1;16;14400;5
Plastic lens- po ofrézování;V2321;2321;;;14400;5
Plastic lenses- po ofrézování;V2322;2322;;;14400;5
VPBK3H-19E754-RA;V2325;2325;33,5;2;14400;5
VP8TBH-8C493-AA;V2352;2352;17,7;8;14400;5
VP8TBH-8C493-AA;V2355;2355;22,5;8;14400;5
VPETBH-8K223-EA;V2356;2356;42;2;14400;5
Damper 756;V2364;2364;52;2;14400;5
Damper-755;V2365;2365;45,8;2;14400;5
Base Beam L538;V2371;2371;216;2;14400;5
Drain cock Ilava - nesestavený;V2372;2372;21,6;4;14400;5
Čočka PMMA -D544 SAE 00197860-01;V2377;2377;481;1;14400;5
Damper 715;V2378;2378;55;2;14400;5
Čočka D544- CCC verze;V2383;2383;480;2;14400;5
Čočka D544 SAE;V2386;2386;480;2;14400;5
Inner projector BY736 EU/UK;V2387;2387;418;1;14400;5
Inner projector  BY 736 SAE;V2388;2388;477;1;14400;5
Contributor BY736 EU/UK/SAE;V2389;2389;263;1;14400;5
Bracket ;V2391;2391;70;2;14400;5
Bracket;V2392;2392;58,19;2;14400;5
Drain cock nesestavený;V2393;2393;29,3;4;14400;5
VPEPRH-A001A04-BD;V2397;2397;60;1;14400;5
Pin -Alignment Rear;V2402;2402;27,5;4;14400;5
Čočka D544-ccc  4 násobná forma;V2408;2408;497;3;14400;5
Pin Alignment Front;V2410;2410;20,1;4;14400;5
 Inner Projector Lowbeam;V2414;2414;456;1;14400;5
Inner Projector SB high;V2415;2415;300;1;14400;5
Clip C519;V2416;2416;20;8;14400;5
 HC281B2N1A-01 mřížka;V2417;2417;42;2;14400;5
Čočka D544-SAE 4 násobná forma;V2422;2422;498;4;14400;5
Lens-Inner Projector-Lowbeam;V2425;2425;235;2;14400;5
Lens-Inner Projector-Multifun.;V2426;2426;324;2;14400;5
Lens-Inner Projector - SB;V2427;2427;338;4;14400;5
Bracket/Clip - A/C Line;V2430;2430;30,9;2;14400;5
VPAV1H-19E778-CA;V2434;2434;30,3;6;14400;5
VP9DGH-8115-AA;V2438;2438;29,8;4;14400;5
100111302;V2444;2444;53;2;14400;5
Drain Cock Assembly;V2448;2448;24;8;14400;5
COVER HEATER CORE;V2449;2449;39,5;4;14400;5
VPAMFH-18A457-AB;V2450;2450;39,5;4;14400;5
DC3H2G1P1B-01 COVER - HITR TUBE;V2451;2451;36,5;2;14400;5
HR771G2P1A03;V2455;2455;60;1;14400;5
Lens-Inner Collimator - LB - LED - SK370;V2456;2456;83,6;2;14400;5
Lens-Inner Collimator - HB - LED - SK370;V2457;2457;142;2;14400;5
HB-EU LED-00214684-01;V2462;2462;70;1;14400;5
00216236-01-0000 Heat Sink;V2463;2463;39,6;4;14400;5
PLHR295JRCAA-plastic bracket;V2466;2466;27,5;1;14400;5
PLHR295JRCBA-plastic bracket;V2467;2467;26,7;2;14400;5
HR771G7B1A01 Protection Grill;V2469;2469;54;1;14400;5
Rámeček-Porsche GT3 MC541g2P2B-02 ;V2470;2470;60;1;14400;5
Vorzatzoptik 1305370175;V3003;3003;44,1;8;14400;5
eLight lens BMW F45;V3004;3004;;;14400;5
Inner Lens 1404000856;V3035;3035;47;2;14400;5
Primary optic 1305370193;V3036;3036;76;2;14400;5
1404001030;V3040;3040;30,5;2;14400;5
1404001031;V3041;3041;30,9;2;14400;5
1404001848;V3064;3064;115;1;14400;5
Těleso + těsnění 2K- nová forma C;V3100;3100;57;1;14400;5
Těleso+krycí sklo ;V3101;3101;51,6;1;14400;5
Těleso+Krycí sklo 2K-průhledné;V3102;3102;48,2;2;14400;5
Těleso+krycí sklo 2K-červené;V3103;3103;44,3;2;14400;5
Lens 2K;V3109;3109;58;1;14400;5
Těleso + těsnění - nová forma D;V3115;3115;56;1;14400;5
Čočka;V3208;3208;283;1;14400;5
Button 2K -01033103010;V3300;3300;56;4;14400;5
Lens - 01030700051;V3301;3301;34;4;14400;5
Indikátor LH;V3302;3302;22;13;14400;5
Indikátor RH;V3303;3303;33;15;14400;5
Kappe ;V3304;3304;22;16;14400;5
Lense;V3307;3307;31;4;14400;5
OBU03 01 00 0 - hor. díl s piktogramy;V3400;3400;48,15;2;14400;5
OBU03 01 00 0 - hor. díl s piktogramy - duplicita;V3401;3401;;;14400;5
Klika VISION 2;V4000;4000;270;1;14400;5
Stojan RO ;V4104;4104;43;1;14400;5
Stojan RG ;V4105;4105;59;1;14400;5
Opěrka ;V4106;4106;80;2;14400;5
Držadlo horní ;V4107;4107;47;1;14400;5
Držadlo spodní;V4108;4108;36,9;1;14400;5
Noha - nová remoska PRIMA;V4109;4109;23,5;4;14400;5
Držadlo horní - PRIMA;V4110;4110;45;2;14400;5
Držadlo spodní - PRIMA;V4111;4111;36,9;1;14400;5
Stojan 21 - PRIMA;V4112;4112;53;1;14400;5
Stojan 22 - PRIMA;V4113;4113;55;1;14400;5
Stojan Tria;V4114;4114;;;14400;5
Opěrka Tria;V4115;4115;;;14400;5
Držadlo horní Tria;V4116;4116;;;14400;5
Držadlo spodní Tria;V4117;4117;;;14400;5
Plomba;V4200;4200;24,6;8;14400;5
Západka;V4201;4201;36;4;14400;5
Kryt;V4202;4202;50;4;14400;5
Víko krytu;V4203;4203;29,5;4;14400;5
Packa-sněholez;V5000;5000;35,7;2;14400;5
Redukční disk V18;V5003;5003;70;1;14400;5
Satelit-Sněholez ;V5004;5004;33;3;14400;5
Kolečko motorku-sněholez;V5024;5004;33;1;14400;5
Ozubený segment;V5005;5005;33,6;1;14400;5
Planetové kolo 2-Sněholez;V5006;5006;42,6;1;14400;5
Planetové kolo 1- sněholez;V5007;5007;27;1;14400;5
Vložka rotoru-Sněholez;V5008;5008;58;1;14400;5
Bajonet-Sněholez;V5009;5009;50,4;1;14400;5
Víčko Motoru,Držák hallové sondy,Držák kon rot,Držák kon rot 2;V5010;5010;40;1;14400;5
Držák hallové sondy;V5039;5010;40;1;14400;5
Držák koncáku rotor;V5040;5010;40;1;14400;5
Držák koncáku rotor 2;V5041;5010;40;1;14400;5
Příruba-Sněholez;V5011;5011;36,4;1;14400;5
Pomocná páka-Sněholez;V5013;5013;46;2;14400;5
Páka levá, páka pravá - sněholez;V5014;5014;42,2;1;14400;5
Držák paken-sněholez;V5015;5015;34,4;1;14400;5
Vozík sestava- Sněholez;V5016;5016;58,4;1;14400;5
Lopatka-sněholez;V5017;5017;200;1;14400;5
Kryt hl. kompl.-Sněholez;V5018;5018;148,8;1;14400;5
Doraz-sněholez;V5019;5019;73,1;2;14400;5
Klec-sněholez;V5020;5020;62;1;14400;5
Rotor-sněholez;V5021;5021;90;1;14400;5
Základna-sněholez;V5022;5022;289;1;14400;5
Aretace;V5023;5023;60;1;14400;5
zajištění bajonetu se šroubem-sněholez + 5026;V5025;5025;49;2;14400;5
Oska aretace se závitem-sněholez;V5026;5025;49;2;14400;5
Matice-sněholez;V5027;5027;34,6;1;14400;5
Držák matice-sněholez;V5032;5027;34,6;1;14400;5
Držák baterie- Sněholez;V5028;5028;65;1;14400;5
Držák koženky, Držák koženky malý;V5030;5030;27;2;14400;5
Držák koženky malý;V5031;5030;27;2;14400;5
Držák motoru + 5036 + 5037;V5035;5035;43;1;14400;5
Točna motoru;V5036;5035;43;1;14400;5
Točna motoru - poklop;V5037;5035;43;1;14400;5
Tělo motoru;V5100;5100;70;1;14400;5
Přední díl;V5104;5104;37,5;1;14400;5
Ozubené kolo 1, Ozubené kolo 2;V5105;5105;45;1;14400;5
Ozubené kolo 2;V5113;5105;45;2;14400;5
Horní díl;V5106;5106;38;1;14400;5
Spodní díl - Host;V5107;5107;40;1;14400;5
Spodní díl - Overmould;V5108;5108;60;1;14400;5
Držák unašeč;V5111;5111;40;2;14400;5
Svěltovod;V5112;5112;30;2;14400;5
Doraz matice;V5117;5117;;;14400;5
Kolo 262;V5118;5118;41,4;1;14400;5
Vidlička;V5119;5118;41,4;1;14400;5
Dělená matice;V5120;5120;50;1;14400;5
Kryt zadní;V5200;5200;37,4;1;14400;5
Kryt přední;V5201;5201;43,6;1;14400;5
Gehäuse Klappfach man re (Halter);V6001;6001;46,5;2;14400;5
Stange außen Klappfach man Re KURZ + V6003;V6002;6002;32;2;14400;5
Stange innen Klappfach man RE LANG;V6003;6002;32;2;14400;5
Staufach Klappfach Manual re (Klappe);V6004;6004;44,2;2;14400;5
Blende SOUL;V6005;6005;37,5;2;14400;5
Griff SOUL;V6006;6006;26;4;14400;5
Zahnrad Staufach (Gear wheel);V6007;6007;24,1;8;14400;5
Blende ACHATGRAU;V6012;6012;37,5;2;14400;5
Griff ACHATGRAU;V6013;6013;29;4;14400;5
Blende PORSCHE SCHWARZ;V6014;6014;37,5;2;14400;5
Griff PORSCHE SCHWARZ;V6015;6015;29;4;14400;5
Blende MOJAVEBEIGE;V6016;6016;37,5;2;14400;5
Griff MOJAVEBEIGE;V6017;6017;29;4;14400;5
Blende Klappfach man re;V6018;6018;37,5;2;14400;5
Griff Klappfach;V6019;6019;29;4;14400;5
FC1D3F2S1D01 damper;V7000;7000;52,5;2;14400;5
Protection Grill;V7001;7001;46;1;14400;5
HR771BAE4F01 Protection Grill;V7002;7002;47,6;1;14400;5
SPOUT-ACAC-2;V7004;7004;;;14400;5
Páka levá - sněholez;V1179L;1179;42,2;1;14400;5
Páka pravá - sněholez;V1179P;1179;42,2;1;14400;5
Flush box 1M;V1278;1278;60,7;1;14400;5
Flush box 2M;V1279;1279;56,8;1;14400;5
Flush box 3M;V1280;1280;66;1;14400;5
přední opěra-úchyt-S;V1356;1356;49,4;1;14400;5
přední opěra-tělo-S;V1356;1356;49,4;1;14400;5
Jmenovka sestavená info;V1431;1431;;;14400;5
Luftleittel  2KO 121 283;V1500L;1500;;;14400;5
Luftleittel  2KO 121 284;V1500P;1501;;;14400;5
Capping 4M51-N613C47-AD32N5;V1501L;1501;;;14400;5
Capping 4M51-N613C46-AD32N5;V1501P;1502;;;14400;5
Corner LH. 4M51-N40429-AC32N5;V1502L;1502;;;14400;5
Corner RH. 4M51-N40428-AC32N5;V1502P;1502;;;14400;5
Capping 4M51-N613C47-AD31T3;V1503L;1503;;;14400;5
Capping 4M51-N613C46-AD31T3;V1503P;1503;;;14400;5
Horn SWITCH;V1505;1505;38;1;14400;5
Side Def Driver Offblac LHD LH;V1577P;1577;41;1;14400;5
Side Def Driver Offblac LHD RH;V1577L;1577;41;1;14400;5
Pouzdro skupina Audi 169-00;V1590L;1590;40,8;1;14400;5
Pouzdro skupina Audi 170-01;V1590P;1590;40,8;1;14400;5
Bracket LH 178.633-01;V1591L;1591;22,1;1;14400;5
Bracket RH 178.633-01;V1591P;1591;22,1;1;14400;5
Bracket LH 178.636-01;V1592L;1592;27,2;1;14400;5
Bracket RH 178.636-01;V1592P;1592;27,2;1;14400;5
DECORATIVE RING BLIND LH 184.074-01;V1595L;1595;44;1;14400;5
DECORATIVE RING BLIND LH 184.074-02;V1595P;1595;44;1;14400;5
Držák L oprávárenské řešení Polo 176.955.01;V1596L;1596;;;14400;5
Držák P oprávárenské řešení Polo 176.955.02;V1596P;1596;;;14400;5
Reparaturelasche 1L 181 838-01;V1597L;1597;22,3;1;14400;5
Reparaturelasche 1P 181 838-02;V1597P;1597;22,3;1;14400;5
Reparaturelasche 2L 181 840-01;V1598L;1598;25,1;1;14400;5
Reparaturelasche 2P 181 840-02;V1598P;1598;25,1;1;14400;5
Reparaturelasche 3L 181 841-01;V1599L;1599;27,2;1;14400;5
Reparaturelasche 3P 181 841-02;V1599P;1599;27,2;1;14400;5
Těsnící vložka s vodiči-Cajun;V1630;1630;250;1;14400;5
Výškové nastavení  L;V1770L;1770;34;1;14400;5
Výškové nastavení  P;V1770P;1770;34;1;14400;5
217.787-01;V1783L;1783;32,5;1;14400;5
217.787-02;V1783P;1783;32,5;1;14400;5
215.895-01;V1784L;1784;;1;14400;5
215.895-02;V1784P;1784;;1;14400;5
Light Conductor Low.2, 211.695-01+02, Volvo XC60;V1785L;1785;79;1;14400;5
Light Conductor Upp.2, 211.690-01+02, Volvo XC60;V1785P;1785;79;1;14400;5
;V1786L;1785;79;1;14400;5
;V1786P;1785;79;1;14400;5
Filter Stop (diamonds) 211.698-01/AA;V1787L;1787;53;1;14400;5
Filter Stop (diamonds) 211.698-02/AA;V1787P;1787;53;1;14400;5
Light conductor, 211.705-01+02, Volvo XC60;V1789L;1789;73;1;14400;5
Light conductor, 211.699-01+02, Volvo XC60 ;V1789P;1789;73;1;14400;5
;V1790L;1789;73;1;14400;5
;V1790P;1789;73;1;14400;5
Lens Toyota, 182.477-01;V1791L;1791;45;1;14400;5
Lens Toyota, 182.477-02;V1791P;1791;45;1;14400;5
Lens, Toyota, 182.566-01;V1792L;1792;43,3;2;14400;5
Lens, Toyota, 182.556-02;V1792P;1792;43,3;2;14400;5
Optic lens 209.077-01;V1793L;1793;53;1;14400;5
Optic Lens 209.077-02;V1793P;1793;53;1;14400;5
Edge Light 201.996-01+02/AA;V1796L;1796;80,5;1;14400;5
Edge Light 201.996-03+04/AA;V1796P;1796;80,5;1;14400;5
;V1797L;1796;80,5;1;14400;5
;V1797P;1796;80,5;1;14400;5
Lens SBL 197.203-01/AA;V1798L;1798;136;2;14400;5
Lens SBL 197.203-02/AA;V1798P;1798;136;2;14400;5
Lens SMR 197.206-01/AA;V1799L;1799;61;1;14400;5
Lens SMR 197.206-02/AA;V1799P;1799;61;1;14400;5
Reparaturelasche 4L 183 593-01;V1801L;1801;28,7;1;14400;5
Reparaturelasche 4P 183 593-02;V1801P;1801;28,7;1;14400;5
Cover LH;V1802L;1802;52;1;14400;5
Cover RH;V1802P;1802;52;1;14400;5
Reparaturelasche  187 817-01;V1803L;1803;32,1;1;14400;5
;V1803P;1803;32,1;1;14400;5
Reparaturelasche  187 818-01;V1804P;1804;40,8;1;14400;5
Reparaturelasche  187 818-02;V1804L;1804;40,8;1;14400;5
Reparaturelasche  187 819-01;V1805L;1805;30;1;14400;5
Reparaturelasche  187 819-02;V1805P;1805;30;1;14400;5
Vaz Housing LH;V1806L;1806;49;1;14400;5
Vaz Housing RH;V1806P;1806;49;1;14400;5
Reparaturelasche RE1-188 488-02;V1807L;1807;34,6;1;14400;5
Reparaturelasche RE1-188 488-02;V1807P;1807;34,6;1;14400;5
Reparaturelasche LI1-188 489-01;V1808L;1808;30,5;1;14400;5
Reparaturelasche RE1-188 489-02;V1808P;1808;30,5;1;14400;5
Zusatzlichts.BIX LH 196.239-01/AA;V1811L;1811;41;1;14400;5
Zusatzlichts.BIX RH 196.239-02/AA;V1811P;1811;41;1;14400;5
Zusatzlichts.TOP LH;V1812L;1812;43;1;14400;5
Zusatzlichts.TOP RH;V1812P;1812;43;1;14400;5
Filter 2K SEAT- 198.044-01/AB;V1816L;1816;56;1;14400;5
Filter 2K SEAT 198.044-02/AB;V1816P;1816;56;1;14400;5
Filter 2K SEAT 198.053-01;V1817L;1817;53;1;14400;5
Filter 2K SEAT- 198.053-02;V1817P;1817;53;1;14400;5
Justirelement 1;V1818L;1818;27;1;14400;5
Justirelement 1;V1818P;1818;27;1;14400;5
Abdeckung 198.632-01;V1819L;1819;33;2;14400;5
Abdeckung 198.632-02;V1819P;1819;33;2;14400;5
Boční stěna levá;V1872L;1872;57,5;1;14400;5
Boční stěna pravá;V1872P;1872;57,5;1;14400;5
VP4SHX-18040-ABC;V2000L;2000;28;2;14400;5
VP4SHX-18040-AAC;V2000P;2000;28;2;14400;5
4VFX-13B582-AA;V2002L;2002;;;14400;5
4VFX-13B561-AA;V2002P;2002;;;14400;5
4VFX-13328-BA;V2004L;2004;;;14400;5
4VFX-13328-CA;V2004P;2004;;;14400;5
4VFX-13328-DA;V2005L;2005;;;14400;5
4VFX-13328-EA;V2005P;2005;;;14400;5
YU3X-13B537-AAA;V2009L;2009;41,5;1;14400;5
YU3X-13N514-AAA;V2009P;2009;41,5;1;14400;5
1S7X-13A615-AE;V2051;2051;49;2;14400;5
VAXBYX-13229-AA;V2060L;2060;48;2;14400;5
VAXBYX-13228-AA;V2060P;2060;48;2;14400;5
XS4X-13229-AE;V2061L;2061;48,1;2;14400;5
XS4X-13228-AE;V2061P;2061;48,1;2;14400;5
VP1M5X-13229-AB;V2062L;2062;40;1;14400;5
VP1M5X-13228-AB;V2062P;2062;40;1;14400;5
VA2C4X-13229-AA;V2063L;2063;48;2;14400;5
VA2C4X-13228-AA;V2063P;2063;48;2;14400;5
4SHX-13B537-AA;V2115L;2115;39;1;14400;5
4SHX-13N514-AA;V2115P;2115;39;1;14400;5
VP4SHX-13B537-BA;V2116L;2116;34,1;1;14400;5
VP4SHX-13N514-BA;V2116P;2116;34,1;1;14400;5
VP7M5X-15N225-BA;V2117L;2117;47;1;14400;5
VP7M5X-15N225-AA;V2117P;2117;47;1;14400;5
VP8X7X-13A339-GA;V2118L;2118;39,5;1;14400;5
VP8X7X-13A338-GA;V2118P;2118;39,5;1;14400;5
VP8X7X-13B537-BA;V2119L;2119;33,6;1;14400;5
VP8X7X-13B536-BA;V2119P;2119;33,6;1;14400;5
VP9TTX-13B537-AA;V2120L;2120;39;1;14400;5
VP9TTX-13N514-AA;V2120P;2120;39;1;14400;5
VP6EGX-13N410-BH;V2129L;2129;56;1;14400;5
VP6EGX-13N410-AH;V2129P;2129;56;1;14400;5
VP6EGX-13N410-DF;V2130L;2130;54;1;14400;5
VP6EGX-13N410-CF;V2130P;2130;54;1;14400;5
VP7M5X-15N225-BB;V2136L;2136;47;1;14400;5
VP7M5X-15N225-AB;V2136P;2136;47;1;14400;5
VP9PMX-13N115-AA;V2139L;2139;;;14400;5
VP9PMX-13070-AA;V2139P;2139;;;14400;5
VPBCQX-15A206-AA;V2150L;2150;38,9;1;14400;5
VPBCQX-15A205-AA;V2150P;2150;38,9;1;14400;5
VPBCQX-13K046-BA;V2151L;2151;46;1;14400;5
VPBCQX-13K046-AA;V2151P;2151;46;1;14400;5
VPCX2X-13469-BA;V2152L;2152;21;2;14400;5
VPCX2X-13469-AA;V2152P;2152;21;2;14400;5
VPCX2X-13469-DA;V2153L;2153;22,8;2;14400;5
VPCX2X-13469-CA;V2153P;2153;22,8;2;14400;5
4SHX-13B537-AB;V2154L;2154;34,8;1;14400;5
4SHX-13B514-AB;V2154P;2154;34,8;1;14400;5
VP4SHX-13B537-BB;V2155L;2155;35,7;1;14400;5
VP4SHX-13N514-BB;V2155P;2155;35,7;1;14400;5
VPCCFX-13R385-AA;V2158L;2158;50;1;14400;5
VPCCFX-13R386-AA;V2158P;2158;50;1;14400;5
VPCCFX-13R386-BA;V2159L;2159;47;1;14400;5
VPCCFX-13R385-BA;V2159P;2159;47;1;14400;5
VPCX2X-15B473-AA;V2160L;2160;31,2;1;14400;5
VPCX2X-15B472-AA;V2160P;2160;31,2;1;14400;5
VPCX2X-13K455-AA;V2163L;2163;70;1;14400;5
VPCX2X-13K454-AA;V2163P;2163;70;1;14400;5
VPCX2X-15B473-BA;V2164L;2164;44;1;14400;5
VPCX2X-15B472-BA;V2164P;2164;44;1;14400;5
VPCX2X-13C212-BA;V2165L;2156;54;1;14400;5
VPCX2X-13C211-BA;V2165P;2156;54;1;14400;5
VPCX2X-13C212-CA;V2166L;2166;55;1;14400;5
VPCX2X-13C211-CA;V2166P;2166;55;1;14400;5
VPCX2X-13C212-AA;V2167L;2167;85;1;14400;5
VPCX2X-13C211-AA;V2167P;2167;85;1;14400;5
VPCCFX-13R386-CA;V2168L;2168;50;1;14400;5
VPCCFX-13R385-CA;V2168P;2168;50;1;14400;5
VPBCQX-13K060-DA;V2170L;2170;;;14400;5
VPBCQX-13K060-CA;V2170P;2170;;;14400;5
VPBCQX-15A206-AB;V2171L;2171;42;1;14400;5
VPBCQX-15A205-AB;V2171P;2171;42;1;14400;5
VPAMGX-13A298 NA;V2172L;2172;45,5;1;14400;5
VPAMGX-13A297-NA;V2172P;2172;45,5;1;14400;5
VPAMGX-13A298-MA;V2173L;2173;44;1;14400;5
VPAMGX-13A297-MA;V2173P;2173;44;1;14400;5
VPCX2X-15B473-AB;V2174L;2174;49,5;1;14400;5
VPCX2X-15B472-AB;V2174P;2174;49,5;1;14400;5
1S7X-13A460-CF;V2175L;2175;46;1;14400;5
1S7X-13A415-CF;V2175P;2175;46;1;14400;5
VP4X43-404C95-AB;V2176L;2176;42;1;14400;5
VP4X43-404C94-AB;V2176P;2176;42;1;14400;5
VP7EKX-13A298-DC;V2177L;2177;46,4;1;14400;5
VP7EKX-13A297-DC;V2177P;2177;46,4;1;14400;5
VP7EKX-13A298-HB;V2178L;2178;46,4;1;14400;5
VP7EKX-13A297-HB;V2178P;2178;46,4;1;14400;5
VP7EKX-13A298-CC;V2179L;2179;58;1;14400;5
VP7EKX-13A297-CC;V2179P;2179;58;1;14400;5
VP7EKX-13A298-GB;V2180L;2180;58;1;14400;5
VP7EKX-13A297-GB;V2180P;2180;58;1;14400;5
VP7EKX-13A298+7-BC;V2181L;2181;66;1;14400;5
VP7EKX-13A298+7-BC;V2181P;2181;66;1;14400;5
VP7EKX-13A298+7-FB;V2182L;2181;66;1;14400;5
VP7EKX-13A298+7-FB;V2182P;2181;66;1;14400;5
VP7EKX-13A298-AC;V2183L;2183;50;1;14400;5
VP7EKX-13A297-AC;V2183P;2183;50;1;14400;5
VP7EKX-13A298-EB;V2184L;2184;50;1;14400;5
VP7EKX-13A297-EB;V2184P;2184;50;1;14400;5
4VEX-13B561-AB;V2185L;2185;56;2;14400;5
4VEX-13B582-AB;V2185P;2185;56;2;14400;5
YU3X-13229-AB;V2186L;2186;33,1;1;14400;5
YU3X-13228-AB;V2186P;2186;33,1;1;14400;5
VAYBYX-13784-AA;V2187L;2187;37;1;14400;5
VAYBYX-13783-AA;V2187P;2187;37;1;14400;5
VP5PFX-13A339-CB;V2188L;2188;36,2;2;14400;5
VP5PFX-13A338-CB;V2188P;2188;36,2;2;14400;5
VP5PFX-13A339-FB;V2189L;2189;38,4;2;14400;5
VP5PFX-13A338-FB;V2189P;2189;38,4;2;14400;5
VP5PFX-13A339-BA;V2190L;2190;68,3;2;14400;5
VP5PFX-13A338-BA;V2190P;2190;68,3;2;14400;5
VP5PFX-13A339-EA;V2191L;2191;40,8;2;14400;5
VP5PFX-13A338-EA;V2191P;2191;40,8;2;14400;5
VP7PFX-13A339-BA;V2192L;2192;51,5;2;14400;5
VP7PFX-13A338-BA;V2192P;2192;51,5;2;14400;5
VP4VEX-13B537-AF;V2193L;2193;44;1;14400;5
VP4VEX-13N514-AF;V2193P;2193;44;1;14400;5
VP4VEX-13B537-BF;V2194L;2194;40;1;14400;5
VP4VEX-13N514-BF;V2194P;2194;40;1;14400;5
VPBCQX-13K060-DB;V2195L;2195;;;14400;5
VPBCQX-13K060-CB;V2195P;2195;;;14400;5
VPBCQX-13K046-BB;V2196L;2196;46;1;14400;5
VPBCQX-13K046-AB;V2196P;2196;46;1;14400;5
VPCX2X-15B473-BB;V2198L;2198;35,8;1;14400;5
VPCX2X-15B472-BB;V2198P;2198;35,8;1;14400;5
VPAP3X-13A298-BA;V2200L;2200;52;1;14400;5
VPAP3X-13A297-BA;V2200P;2200;52;1;14400;5
 VPAP3X-13A297-AC;V2201L;2201;72;1;14400;5
VPAP3X-13A298-AC;V2201P;2201;72;1;14400;5
VPCX2X-13C212-CB;V2203L;2203;52;1;14400;5
VPCX2X-13C211-CB;V2203P;2203;52;1;14400;5
VPCX2X-13C212-BB;V2204L;2204;50;1;14400;5
VPCX2X-13C211-BB;V2204P;2204;50;1;14400;5
VPCFPX- 13C212- AB;V2213L;2213;46;1;14400;5
VPCFPX- 13C211- AB;V2213P;2213;46;1;14400;5
95VG-13784-AB;V2217L;2217;37;1;14400;5
95VG-13783-AB;V2217P;2217;37;1;14400;5
VPDSWX-13B537-AB;V2218L;2218;75;1;14400;5
VPDSWX-13N514-AB;V2218P;2218;75;1;14400;5
VPCX2X-15B473-AC;V2222L;2222;64;1;14400;5
VPCX2X-15B472-AC;V2222P;2222;64;1;14400;5
VPCX2X-15B473-BC;V2223L;2223;40;1;14400;5
VPCX2X-15B472-BC;V2223P;2223;40;1;14400;5
VPBCQX-13K046-BC;V2225L;2225;51;1;14400;5
VPBCQX-13K046-AC;V2225P;2225;51;1;14400;5
VPCX2X-13469-BB;V2226L;2226;33,2;2;14400;5
VPCX2X-13469-AB;V2226P;2226;33,2;2;14400;5
VPCX2X-13469-DB;V2227L;2227;30;2;14400;5
VPCX2X-13469-CB;V2227P;2227;30;2;14400;5
VPDX2X-13C212-AA;V2228L;2228;66;1;14400;5
VPDX2X-13C211-AA;V2228P;2228;66;1;14400;5
VPDH5X-13B582-AA;V2229L;2229;49,3;1;14400;5
VPDH5X-13B561-AA;V2229P;2229;49,3;1;14400;5
VPDH5X-13B582-BA;V2230L;2230;38,3;1;14400;5
VPDH5X-13B561-BA;V2230P;2230;38,3;1;14400;5
VPDH5X-13A298-AB;V2231L;2231;58;1;14400;5
VPDH5X-13A297-AB;V2231P;2231;58;1;14400;5
VPDH5X-13A298-BB;V2232L;2232;43;1;14400;5
VPDH5X-13A297-BB;V2232P;2232;43;1;14400;5
VPDH5X-13A298-CA;V2233L;2233;46,6;1;14400;5
VPDH5X-13A297-CA;V2233P;2233;46,6;1;14400;5
VPDX2X-13K455-BA;V2235L;2235;42;1;14400;5
VPDX2X-13K454-BA;V2235P;2235;42;1;14400;5
VPDE2X-13A298-AA;V2236L;2236;48;1;14400;5
VPDE2X-13A297-AA;V2236P;2236;48;1;14400;5
VPCEZX-15N225-BA;V2237L;2237;47;1;14400;5
VPCEZX-13N225-AA;V2237P;2237;47;1;14400;5
VP4VEX-13B537-AF;V2238L;2238;43,4;1;14400;5
VP4VEX-13N514-AF;V2238P;2238;43,4;1;14400;5
VP4VEX-13B537-BF;V2239L;2239;43,4;1;14400;5
VP4VEX-13N514-BF;V2239P;2239;43,4;1;14400;5
VP4SHX-13B537-BB;V2240L;2240;55,2;1;14400;5
VP4SHX-13N514-BB;V2240P;2240;55,2;1;14400;5
Modul holder- čer. rámeček;V2241L;2241;45;1;14400;5
Modul holder- čer. rámeček;V2241P;2241;45;1;14400;5
VPCPPX-21A305-AA;V2242L;2242;44;1;14400;5
VPCPPX-21A304-AA;V2242P;2242;44;1;14400;5
VPDH9X-13C197-AA;V2243L;2243;43;1;14400;5
VPDH9X-13C196-AA;V2243P;2243;43;1;14400;5
VPDH9X-13367-BA;V2244L;2244;33;1;14400;5
VPDH9X-13367-AA;V2244P;2244;33;1;14400;5
Blade- PSA- šavle;V2246L;2246;78;1;14400;5
Blade- PSA- šavle;V2246P;2246;78;1;14400;5
VPDH9X-13A339-BA;V2247L;2247;45;1;14400;5
VPDH9X-13A338-BA;V2247P;2247;45;1;14400;5
VPDH9X-13A197-BA;V2248L;2248;47;1;14400;5
VPDH9X-13A198-BA;V2248P;2248;47;1;14400;5
Watershed panel;V2253L;2253;63;1;14400;5
Watershed panel;V2253P;2253;63;1;14400;5
VPBCQX-15A206-AC;V2254L;2254;50;1;14400;5
VPBCQX-15A205-AC;V2254P;2254;50;1;14400;5
VPDH9X-13A339-BC;V2256L;2256;41;1;14400;5
VPDH9X-13A338-BC;V2256P;2256;41;1;14400;5
VPDVNX-13C211-AB;V2257L;2257;28;1;14400;5
VPDVNX-13C211-BB;V2257P;2257;28;1;14400;5
VPDE2X-13C212-AB;V2258L;2258;73;1;14400;5
VPDE2X-13C211-AB;V2258P;2258;73;1;14400;5
VPDSWX-13B537-AD;V2259L;2259;65;1;14400;5
VPDSWX-13N514-AD;V2259P;2259;65;1;14400;5
VPDSZX-13A338-CD;V2260L;2260;24,3;1;14400;5
VPDSZX-13A338-DD;V2260P;2260;24,3;1;14400;5
VPCCFX-13R386-DA;V2262L;2262;61;1;14400;5
VPCCFX-13R385-DA;V2262P;2262;61;1;14400;5
VPDE2X-13A298-AC;V2263L;2263;45;1;14400;5
VPDE2X-13A297-AC;V2263P;2263;45;1;14400;5
VPDSWX-13B537-AE;V2264L;2264;56,5;1;14400;5
VPDSWX-13N514-AE;V2264P;2264;56,5;1;14400;5
VPDH9X-13C197-BC;V2265L;2265;46,7;1;14400;5
VPDH9X-13C196-BC;V2265P;2265;46,7;1;14400;5
VPDH9X-13C197-AC;V2266L;2266;38,8;1;14400;5
VPDH9X-13C197-AC;V2266P;2266;38,8;1;14400;5
VPCPPX-21A305-AB;V2267L;2267;56;1;14400;5
VPCPPX-21A304-AB;V2267P;2267;56;1;14400;5
VPDSZX-13A298-AB;V2268L;2268;58;1;14400;5
VPDSZX-13A297-AB;V2268P;2268;58;1;14400;5
VPDSZX-13A298-BB;V2269L;2269;60;1;14400;5
VPDSZX-13A297-BB;V2269P;2269;60;1;14400;5
VPDH5X-13A298-BC;V2270L;2270;40;1;14400;5
VPDH5X-13A297-BC;V2270P;2270;40;1;14400;5
VPDE2X-13A298-AC;V2271L;2271;43,7;1;14400;5
VPDE2X-13A297-AC;V2271P;2271;43,7;1;14400;5
Těsnění pro Watershed panel LH;V2272L;2272;55;1;14400;5
Těsnění pro Watershed panel RH;V2272P;2272;55;1;14400;5
VPDH9X-13A460-AB;V2273L;2273;51;1;14400;5
VPDH9X-13A415-AB;V2273P;2273;51;1;14400;5
VPDH9X-13A460-AC;V2275L;2275;67;1;14400;5
VPDH9X-13A415-AC;V2275P;2275;67;1;14400;5
VP4VEX-13B537-AG;V2281L;2281;43,4;1;14400;5
VP4VEX-13N514-AG;V2281P;2281;43,4;1;14400;5
VP4VEX-13B537-BG;V2282L;2282;43,4;1;14400;5
VP4VEX-13N514-BG;V2282P;2282;43,4;1;14400;5
VA4VEX-13B537-AB;V2283L;2283;;;14400;5
VA4VEX-13N514-AB;V2283P;2283;;;14400;5
VPAVEX-13B537-BB;V2284L;2284;;;14400;5
VA4VEX-13N514-BB;V2284P;2284;;;14400;5
VP9TTX-13B537-AB;V2292L;2292;28,5;1;14400;5
VP9TTX-13N514-AB;V2292P;2292;28,5;1;14400;5
VP4VEX-13B537-AG;V2293L;2293;44;1;14400;5
VP4VEX-13N514-AG;V2293P;2293;44;1;14400;5
VP4VEX-13B537-BG;V2294P;2294;40;1;14400;5
VP4VEX-13N514-BG;V2294L;2294;40;1;14400;5
VA4VEX-13B537-AB;V2295L;2295;;;14400;5
VA4VEX-13N514-AB;V2295P;2295;;;14400;5
VAVEX-13B537-BB;V2296L;2296;;;14400;5
VA4VEX-13N514-BB;V2296P;2296;;;14400;5
VPDSZX-13A298-AE;V2297L;2297;63,4;1;14400;5
VPDSZX-13A297-AE;V2297P;2297;63,4;1;14400;5
VPDSZX-13A298-BE;V2298L;2298;70;1;14400;5
VPDSZX-13A297-BE;V2298P;2298;70;1;14400;5
VPCPPX-21A304-AC;V2299L;2299;53,3;1;14400;5
VPCPPX-21A305-AC;V2299P;2299;53,3;1;14400;5
VPCX2X 13469 BB;V2301L;2301;;;14400;5
VPCX2X 13469 AB;V2301P;2301;;;14400;5
VPCX2X 13469 DB;V2302L;2302;;;14400;5
VPCX2X 13469 CB;V2302P;2302;;;14400;5
VP4VEX-13B537-AH;V2303L;2303;;;14400;5
VP4VEX-13N514-AH;V2303P;2303;;;14400;5
VP4VEX-13B537-BH;V2304L;2304;;;14400;5
VP4VEX-13N514-BH;V2304P;2304;;;14400;5
VA4VEX-13B537-AC;V2305L;2305;;;14400;5
VA4VEX-13N514-AC;V2305P;2305;;;14400;5
VA4VEX-13B537-BC;V2306L;2306;;;14400;5
VA4VEX-13N514-BC;V2306P;2306;;;14400;5
VP4VEX-13B537-AH;V2307L;2307;;;14400;5
VP4VEX-13N514-AH;V2307P;2307;;;14400;5
VP4VEX-13B537-BH;V2308L;2308;;;14400;5
VP4VEX-13N514-BH;V2308P;2308;;;14400;5
VA4VEX-13B537-AC;V2309L;2309;;;14400;5
VA4VEX-13N514-AC;V2309P;2309;;;14400;5
VA4VEX-13B537-BC;V2310L;2310;;;14400;5
VA4VEX-13N514-BC;V2310P;2310;;;14400;5
VPDSZX-13A338-CE;V2323L;2323;26;1;14400;5
VPDSZX-13A338-DE;V2323P;2323;26;1;14400;5
VPDSWX-13B537-AE;V2324L;2324;58,5;1;14400;5
VPDSWX-13N514-AE;V2324P;2324;58,5;1;14400;5
VP4VEX 13B537 AJ;V2327L;2327;44,2;1;14400;5
VP4VEX 13B537 AJ;V2327P;2327;44,2;1;14400;5
00027539-08-0000;V2328L;2328;51;1;14400;5
00030484-08-0000;V2328P;2328;51;1;14400;5
00129457-03-0000;V2330L;2330;75;1;14400;5
00129456-03-0000;V2330P;2330;75;1;14400;5
Inner filter C346;V2333L;2333;39,4;1;14400;5
Inner filter C346;V2333P;2333;39,4;1;14400;5
Inner collimator C346;V2334L;2334;76;1;14400;5
Inner collimator C346;V2334P;2334;76;1;14400;5
Light pipe C346;V2335L;2335;86;1;14400;5
Light pipe C346;V2335P;2335;86;1;14400;5
Lightguide Outer C346;V2336L;2336;119,7;1;14400;5
Lightguide Outer C346;V2336P;2336;119,7;1;14400;5
Lightguide Inner C346;V2337L;2337;65;1;14400;5
Lightguide Inner C346;V2337P;2337;65;1;14400;5
Circle shape L550;V2339L;2339;82;1;14400;5
Circle shape L550;V2339P;2339;82;1;14400;5
J Shape L550;V2340L;2340;72,4;1;14400;5
J Shape L550;V2340P;2340;72,4;1;14400;5
Inner Filter-fiesta;V2343L;2343;55,4;1;14400;5
Inner Filter-fiesta;V2343P;2343;55,4;1;14400;5
Light guide Mahindra ;V2351L;2351;138;1;14400;5
Light guide Mahindra;V2351P;2351;138;1;14400;5
Lightpipe Blade PSA;V2354L;2354;65,1;2;14400;5
Lightpipe Blade PSA;V2354P;2354;65,1;2;14400;5
00185720-03-0000;V2361L;2361;60;1;14400;5
00185719-03-0000;V2361P;2361;60;1;14400;5
00185724-03-0000;V2362L;2362;54,5;1;14400;5
00185723-03-0000;V2362P;2362;54,5;1;14400;5
Back up Filter;V2363L;2363;28;2;14400;5
Back up filter;V2363P;2363;28;2;14400;5
Inner filter Inboard;V2367L;2367;39;1;14400;5
Inner filter Inboard;V2367P;2367;39;1;14400;5
Inner filter Outboard;V2368L;2368;41,5;1;14400;5
Inner filter Outboard;V2368P;2368;41,5;1;14400;5
Inner Lightpipe Inboard;V2369L;2369;65;1;14400;5
Inner Lightpipe Inboard;V2369P;2369;65;1;14400;5
Inner Lightpipe Outboard;V2370L;2370;50;1;14400;5
Inner Lightpipe Outboard;V2370P;2370;50;1;14400;5
U Blade;V2375L;2375;104;1;14400;5
U Blade;V2375P;2375;104;1;14400;5
Side wall;V2376L;2376;72;1;14400;5
Side wall;V2376P;2376;72;1;14400;5
Blade - collimator;V2379L;2379;191;1;14400;5
Blade - collimator;V2379P;2379;191;1;14400;5
00196853-02-0000;V2380L;2380;104,17;1;14400;5
00196852-02-0000;V2380P;2380;104,17;1;14400;5
00196807-02-0000;V2381L;2381;70;1;14400;5
00196806-02-0000;V2381P;2381;70;1;14400;5
00196797-02-0000;V2382L;2382;77;1;14400;5
00196796-02-0000;V2382P;2382;77;1;14400;5
Inner Collimator BY 736;V2390L;2390;156,8;1;14400;5
Inner Collimator BY736;V2390P;2390;156,8;1;14400;5
00129457-03-0000;V2395L;2395;75;1;14400;5
00129456-03-0000;V2395P;2395;75;1;14400;5
Inner collimator C346 -dupl.;V2396L;2396;96,1;1;14400;5
Inner collimator C346 -dupl.;V2396P;2396;96,1;1;14400;5
SB lens cornering;V2400L;2400;81;1;14400;5
SB lens cornering;V2400P;2400;81;1;14400;5
VPDE2X-13C211-AD_k dupl. 2395;V2403L;2403;73;1;14400;5
VPDE2X-13C211-AD_k dupl. 2395;V2403P;2403;73;1;14400;5
Light pipe upper;V2404L;2404;60,2;1;14400;5
Light pipe upper;V2404P;2404;60,2;1;14400;5
Light pipe Lower;V2405L;2405;50;1;14400;5
Light pipe Lower;V2405P;2405;50;1;14400;5
Lens Inner Sidemarker L405;V2406L;2406;48,2;1;14400;5
Lens Inner Sidemarker L405;V2406P;2406;48,2;1;14400;5
Lens - Inner Sidemarker L494;V2407L;2407;38;1;14400;5
Lens - Inner Sidemarker L494;V2407P;2407;38;1;14400;5
Lens-Inner Lightpipe;V2409L;2409;65;1;14400;5
Lens-Inner Lightpipe;V2409P;2409;65;1;14400;5
Filter Inner T1;V2411L;2411;72;1;14400;5
Filter Inner T1;V2411P;2411;72;1;14400;5
Light Pipe - stripes;V2412L;2412;68,5;1;14400;5
Light Pipe - stripes;V2412P;2412;68,5;1;14400;5
00206562-01-0000 (na potisk);V2418L;2418;62,1;1;14400;5
00206561-01-0000 (na potisk);V2418P;2418;62,1;1;14400;5
00206454-01-0000;V2419L;2419;107;1;14400;5
00206453-01-0000;V2419P;2419;107;1;14400;5
00207107-02-0000;V2420L;2420;54;1;14400;5
00207109-02-0000;V2420P;2420;54;1;14400;5
00207111-02-0000;V2421L;2421;33;1;14400;5
00207110-02-0000;V2421P;2421;33;1;14400;5
Light Pipe - LH- Vertical;V2423L;2423;64,5;1;14400;5
Light Pipe - RH- Vertical;V2423P;2423;64,5;1;14400;5
Light Pipe - LH - Horizontal;V2424L;2424;65;1;14400;5
Light Pipe - RH- Horizontal;V2424P;2424;65;1;14400;5
Lens - Inner Collimator LH;V2428L;2428;184;1;14400;5
Lens - Inner Collimator RH;V2428P;2428;184;1;14400;5
00126810-04-0000 mat. Apec;V2429L;2429;55,1;1;14400;5
00126809-04-0000 mat. Apec;V2429P;2429;55,1;1;14400;5
Blade - collimator (dupl. 2379L);V2431L;2431;190,5;1;14400;5
Blade - collimator (dupl. 2379P);V2431P;2431;190,5;1;14400;5
Collimator - MID verze;V2433L;2433;184;1;14400;5
Collimator - MID verze;V2433P;2433;184;1;14400;5
00211157-02-0000 small light Blade;V2441L;2441;106,8;1;14400;5
00211156-02-0000 small light Blade;V2441P;2441;106,8;1;14400;5
00213586-001-0000 Bezel Low Outer;V2442L;2442;74;1;14400;5
00213657-001-0000 Bezel Low Outer;V2442P;2442;74;1;14400;5
00213601-001-0000 Filter Main Low Inner;V2443L;2443;63,7;1;14400;5
00213667-001-0000 Filter Main Low Inner;V2423P;2443;63,7;1;14400;5
00212276-02-0000 Filter Inner OBD Milky;V2445L;2445;67;1;14400;5
00212275-02-0000 Filter Inner OBD Milky;V2445P;2445;67;1;14400;5
00212280-02-0000 Guide Light OBD Planar;V2446L;2446;105;2;14400;5
00212279-02-0000 Guide Light OBD Planar;V2446P;2446;105;2;14400;5
00212257-01-0000 Filter Inner INBD Milky;V2447L;2447;55,65;1;14400;5
00212256-01-0000 Filter Inner INBD Milky;V2447P;2447;55,65;1;14400;5
00213658-04-0000 Filter 15860 Low Outer LH;V2452L;2452;52;1;14400;5
00213587-04-0000 Filter 15860 Low Outer RH;V2452P;2452;52;1;14400;5
00213602-03-0000 Filter Fog LH;V2453L;2453L;41,6;2;14400;5
00213670-03-0000 Filter Fog RH;V2453P;2453P;41,6;2;14400;5
00213669-03-0000 Filter BackUp LH;V2454L;2454;49;2;14400;5
00213668-03-0000 Filter Back Up RH;V2454P;2454;49;2;14400;5
00213809-01-0000 Filter DRL LH;V2458L;2458;188;1;14400;5
00213809-01-0000 Filter DRL RH;V2458P;2458;188;1;14400;5
Blade - collimator;V2460L;2460;184;1;14400;5
Blade - collimator;V2460P;2460;184;1;14400;5
00213809-01-0000 Filter DRL POS LH;V2461L;2461;160;1;14400;5
00213810-01-0000 Filter DRL POS RH;V2461P;2461;160;1;14400;5
00217434-02-0000 Outer Blade;V2464L;2464;75;1;14400;5
00217433-02-0000 Outer Blade;V2464P;2464;75;1;14400;5
00217342-02-0000 Inner DI Blade;V2465L;2465;75;1;14400;5
00217343-02-0000 Inner DI Blade;V2465P;2465;75;1;14400;5
Blade - collimator;V2468L;2468;184;1;14400;5
Blade - collimator;V2468P;2468;184;1;14400;5
00211432-03-0000;V2471L;2471;92;1;14400;5
00211431-03-0000;V2471P;2471;92;1;14400;5
00213809-01-0000 Filter DRL POS LH;V2472L;2472;160;1;14400;5
00213810-01-0000 Filter DRL POS RH;V2472P;2472;160;1;14400;5
Blende 1301015346;V3000L;3000;46;1;14400;5
Blende 1301015347;V3000P;3000;46;1;14400;5
Blende 1301016336;V3001L;3001;34;1;14400;5
Blende 1301016337;V3001P;3001;34;1;14400;5
Blende 1301016334;V3002L;3002;50;1;14400;5
Blende 1301016335;V3002P;3002;50;1;14400;5
Blende 1301015346;V3005L;3005;43,6;1;14400;5
Blende 1301015347;V3005P;3005;43,6;1;14400;5
Blende 1301016336;V3006L;3006;36;1;14400;5
Blende 1301016337;V3006P;3006;36;1;14400;5
Blende 1301016334;V3007L;3007;39,5;1;14400;5
Blende 1301016335;V3007P;3007;39,5;1;14400;5
Light guide 1 307 323 139;V3008L;3008;52,8;1;14400;5
Light guide 1 307 323 140;V3008P;3008;52,8;1;14400;5
Light dome - 1305623359;V3009L;3009;34;1;14400;5
Light dome - 1305623360;V3009P;3009;34;1;14400;5
Sicherunghalter- 1301398485;V3010L;3010;23,6;1;14400;5
Sicherunghalter- 1301398486;V3010P;3010;23,6;1;14400;5
Light guide- 1 307 323 158;V3011L;3011;43;1;14400;5
Light guide - 1 307 323 157;V3011P;3011;43;1;14400;5
Light guide- 1 307 323 159;V3012L;3012;53,7;1;14400;5
Light guide- 1 307 323 160;V3012P;3012;53,7;1;14400;5
Light guide- 1 307 323 155;V3013L;3013;46;1;14400;5
Light guide- 1 307 323 156;V3013P;3013;46;1;14400;5
Light guide- 1 307 323 171 ;V3014L;3014;64;1;14400;5
Light guide- 1 307 323 172;V3014P;3014;64;1;14400;5
Light guide - 1307323182;V3015L;3015;78;1;14400;5
Light guide - 1307323183;V3015P;3015;78;1;14400;5
Light guide- 1307323184;V3016L;3016;45,5;1;14400;5
Light guide- 1307323185;V3016P;3016;45,5;1;14400;5
Light guide- 1300290194;V3017L;3017;38;1;14400;5
Light guide- 1300290195;V3017P;3017;38;1;14400;5
Lichtleiter 1 404 000 514;V3021L;3021;53,6;1;14400;5
Lichtleiter 1 404 000 515;V3021P;3021;53,6;1;14400;5
Inner lens 1 404 000 134;V3024L;3024;83;1;14400;5
Inner lens 1 404 000 135;V3024P;3024;83;1;14400;5
Lichtleiter 1 404 000 164- bez tampoprintu;V3025L;3025;58,5;1;14400;5
Lichtleiter 1 404 000 165- bez tampoprintu;V3025P;3025;58,5;1;14400;5
Lichtleiter 1 404 000 158;V3026L;3026;46;1;14400;5
Lichtleiter 1 404 000 159;V3026P;3026;46;1;14400;5
Projection Lens 1 404 000 598;V3028L;3028;355,2;2;14400;5
Projection Lens 1 404 000 599;V3028P;3028;355,2;2;14400;5
Light guide Bottom - 1 404 000 559;V3029L;3029;58;1;14400;5
Light guide Bottom - 1 404 000 560;V3029P;3029;58;1;14400;5
Light guide 1 404 000 557;V3030L;3030;51;1;14400;5
Light guide 1 404 000 558;V3030P;3030;51;1;14400;5
Light guide 1 404 000 132;V3031L;3031;56,14;1;14400;5
Light guide 1 404 000 133;V3031P;3031;56,14;1;14400;5
Inner lens 1 404 000 695;V3034L;3034;62;1;14400;5
Inner lens 1 404 000 696;V3034P;3034;62;1;14400;5
Lightguide 1404 001 006;V3037L;3037;63;1;14400;5
Lightguide 1404 001 007;V3037P;3037;63;1;14400;5
Lightguide 1404 001 012;V3038L;3038;51;1;14400;5
Lightguide 1404 001 013;V3038P;3038;51;1;14400;5
Projection Lens 1404001451/dupl.;V3039L;3039;268;2;14400;5
Projection Lens 1404001452/dupl.;V3039P;3039;268;2;14400;5
BMW G2X Inner Lens;V3042L;3042;60,4;1;14400;5
BMW G2X Inner Lens;V3042P;3042;60,4;1;14400;5
BMW G2X Lightguide;V3043L;3043;66,5;1;14400;5
BMW G2X Lightguide;V3043P;3043;66,5;1;14400;5
BMW G29 Inner Lens;V3044L;3044;50;1;14400;5
BMW G29 Inner Lens;V3044P;3044;50;1;14400;5
BMW G29 Lightguide;V3045L;3045;50,5;1;14400;5
BMW G29 Lightguide;V3045P;3045;50,5;1;14400;5
Inner Lens Ambiente 1404001668;V3047L;3047;56,5;1;14400;5
Inner Lens Ambiente 1404001669;V3047P;3047;56,5;1;14400;5
Audi A4 FL 1404.001.582;V3048L;3048;42;1;14400;5
Audi A4 FL 1404.001.583;V3048P;3048;42;1;14400;5
1404.001.780;V3049L;3049;70;1;14400;5
1404.001.781;V3049P;3049;70;1;14400;5
1307323194.00 (býv. 3018L);V3050L;3050;60;1;14400;5
1307323195.00 (býv. 3018P);V3050P;3050;60;1;14400;5
1315620597;V3052L;3052;55;1;14400;5
1315620598;V3052P;3052;55;1;14400;5
1315610427;V3053L;3053;80;1;14400;5
1315610428;V3053P;3053;80;1;14400;5
1315630650;V3054L;3054;52;1;14400;5
1315630651;V3054P;3054;52;1;14400;5
1404001819;V3055L;3055;75;1;14400;5
1404001820;V3055P;3055;75;1;14400;5
Light guide 1 404 000 713;V3056L;3056;65;1;14400;5
Light guide 1 404 000 714;V3056P;3056;65;1;14400;5
Light guide 1 404 000 709;V3057L;3057;57;1;14400;5
Light guide 1 404 000 710;V3057P;3057;57;1;14400;5
Light guide- 1307323202.00;V3058L;3058;45;1;14400;5
Light guide- 1307323203.00;V3058P;3058;45;1;14400;5
Inner Lens - 1404 001 883;V3059L;3059;42;2;14400;5
Inner Lens - 1404 001 884;V3059P;3059;42;2;14400;5
82.16.80.03 P87 EDGE STOP TAIL1;V3060L;3060;179;2;14400;5
82.16.90.03 P87 EDGE STOP TAIL1;V3060P;3060;179;2;14400;5
82.16.80.09 P87 EDGE STOP TAIL2;V3061L;3061;187;2;14400;5
82.16.90.09 P87 EDGE STOP TAIL2;V3061P;3061;187;2;14400;5
82.15.90.04 P84 EDGE TAIL 1 T2;V3062L;3062;95;2;14400;5
82.15.80.04 P84 EDGE TAIL 1 T2;V3062P;3062;95;2;14400;5
82.15.90.08 P84 EDGE TAIL 2 T2;V3063L;3063;100;2;14400;5
82.15.80.08 P84 EDGE TAIL 2 T2;V3063P;3063;100;2;14400;5
Svetlovodič - STI Seat 326 LH;V3108L;3108;53;1;14400;5
Svetlovodič - STI Seat 326 RH;V3108P;3108;53;1;14400;5
f-18-043;V3110L;3110;;;14400;5
f-18-043;V3110P;3110;;;14400;5
f-18-044;V3111L;3111;;;14400;5
f-18-044;V3111P;3111;;;14400;5
Tělo+optický kryt EU (1+1);V3112L;3112;36,37;2;14400;5
;V3112P;3112;36,37;;14400;5
Tělo+optický kryt UK (1+1);V3113L;3113;;2;14400;5
Tělo+optický kryt UK (1+1);V3113P;3113;;2;14400;5
Tělo+optický kryt NEW BULLI T7;V3114L;3114;;2;14400;5
;V3114P;3114;;;14400;5
2K Housing + Lens LH;V3116L;3116;34,8;1;14400;5
;V3116P;3116;34,8;;14400;5
Inner lens A;V3200L;3200;55;1;14400;5
Inner lens A;V3200P;3200;55;1;14400;5
10161-18066;V3201L;3201;46;1;14400;5
10061-18066;V3201P;3201;46;1;14400;5
10171-18066;V3202L;3202;45;1;14400;5
10071-18066;V3202P;3202;45;1;14400;5
Inner Lens A-865 A;V3203L;3203;54;1;14400;5
Inner Lens A-865 A;V3203P;3203;54;1;14400;5
Inner Lens B-865 A;V3204L;3204;50;1;14400;5
Inner lens B-865 A;V3204P;3204;50;1;14400;5
Reflex reflektor HG US-865 A;V3205L;3205;48;1;14400;5
Reflex reflektor HG US-865 A;V3205P;3205;48;1;14400;5
Reflex reflector LG US;V3206L;3206;49,6;1;14400;5
Reflex reflector LG US;V3206P;3206;49,6;1;14400;5
Shade A-865 A;V3207L;3207;43;1;14400;5
Shade A-865 A;V3207P;3207;43;1;14400;5
Inner Lens A MG HG;V3209L;3209;44;1;14400;5
Inner Lens A MG HG;V3209P;3209;44;1;14400;5
Inner Lens B HAL LG;V3210L;3210;46;1;14400;5
Inner Lens B HAL LG;V3210P;3210;46;1;14400;5
Inner Lens B MG HG(lightguide);V3211L;3211;77;1;14400;5
Inner Lens B MG HG(lightguide);V3211P;3211;77;1;14400;5
Inner Lens C HAL LG;V3212L;3212;70;1;14400;5
Inner Lens C HAL LG;V3212P;3212;70;1;14400;5
10063-18527;V3213L;3213;27,5;1;14400;5
10163-18527;V3213P;3213;27,5;1;14400;5
Inner lens B LED YAA;V3214L;3214;76;1;14400;5
Inner lens B LED  YAA;V3214P;3214;76;1;14400;5
Inner lens A, 256B, 10151-18915;V3215L;3215;69;1;14400;5
Inner lens A, 256B, 10051-18915;V3215P;3215;69;1;14400;5
Inner lens B,256B, 10161-18915;V3216L;3216;56;1;14400;5
Inner lens B,256B, 10061-18915;V3216P;3216;56;1;14400;5
Inner lens C - 10145-18834;V3217L;3217;173;1;14400;5
Inner lens C - 10045-18834;V3217P;3217;173;1;14400;5
P32S Inner lens A LED;V3218L;3218;254;1;14400;5
P32S Inner lens A LED;V3218P;3218;254;1;14400;5
SFTP FV FL Inner Lens;V3219L;3219;59;1;14400;5
SFTIP FV FL Inner Lens;V3219P;3219;59;1;14400;5
P32S Inner lens A LED  DUPL;V3220L;3220;234;1;14400;5
P32S Inner lens A LED  DUPL;V3220P;3220;234;1;14400;5
10141-8F017;V3221L;3221;53,1;1;14400;5
10141-8F017;V3221P;3221;53,1;1;14400;5
10151-8F017 čočka;V3222L;3222;92;1;14400;5
10051-8F017 čočka;V3222P;3222;92;1;14400;5
10185-8F017 bracket;V3223L;3223;52,2;1;14400;5
10085-8F017 bracket;V3223P;3223;52,2;1;14400;5
P32S Inner lens A LED  DUPL 2.;V3224L;3224;234;1;14400;5
P32S Inner lens A LED  DUPL 2.;V3224P;3224;234;1;14400;5
10140-8A03E;V3225L;3225;58,8;1;14400;5
10040-8A03E;V3225P;3225;58,8;1;14400;5
Inner Lens A BG;V3226L;3226;57,76;1;14400;5
Inner Lens A BG ;V3226P;3226;57,76;1;14400;5
Inner Lens A HG;V3227L;3227;62,7;1;14400;5
Inner Lens A HG;V3227P;3227;62,7;1;14400;5
Inner Lens B LG;V3228L;3228;72,8;1;14400;5
Inner Lens B BG;V3228P;3228;72,8;1;14400;5
Inner Lens B HG;V3229L;3229;71,13;1;14400;5
Inner Lens B HG;V3229P;3229;71,13;1;14400;5
Inner Lens A P33B;V3230L;3230;224,5;1;14400;5
Inner Lens A P33B;V3230P;3230;224,5;1;14400;5
10140-8A0AH;V3231L;3231;49;1;14400;5
10040-8A0AH;V3231P;3231;49;1;14400;5
10150-8A0AH;V3232L;3232;;;14400;5
10050-8A0AH;V3232P;3232;;;14400;5
Inner Lens A P33B před laserem;V3233L;3233;;;14400;5
Inner Lens A P33B před laserem;V3233P;3233;;;14400;5
Inner Lens A P33B před laserem;V3234L;3234;;;14400;5
Inner Lens A P33B před laserem;V3234P;3234;;;14400;5
Inner Lens A P33B před laserem;V3235L;3235;;;14400;5
Inner Lens A P33B před laserem;V3235P;3235;;;14400;5
Inner Lens A P33B před laserem;V3236L;3236;;;14400;5
Inner Lens A P33B před laserem;V3236P;3236;;;14400;5
VO163518030799 Trägertail (TRÄGER);V3402L;3402;49,6;1;14400;5
VO163518060799 Trägertail (TRÄGER);V3402P;3402;49,6;1;14400;5
VO163518020999 Aussenschale (FINLET);V3403L;3403;80;1;14400;5
VO163518050999 Aussenschale (FINLET);V3403P;3403;80;1;14400;5
86861-00000 DEFLECTOR-SIDE SILL MLDG LH;V3405NL;3405;30;1;14400;5
86862-00000 DEFLECTOR-SIDE SILL MLDG RH;V3405NP;3405;30;1;14400;5
Cartridge connector body;V3600N;3600;;;14400;5
Reagent connector body;V3601N;3601;;;14400;5
Fitting UNF 6-40;V3602N;3602;;;14400;5
Flap ;V3603N;3603;;;14400;5
86581-G4DA0;V4400NL;4400;;;14400;5
86584-G4DA0;V4400NP;4400;;;14400;5
86588-G4DA0;V4401N;4401;;;14400;5
86688-G4DA0;V4402N;4402;;;14400;5
86651-G4DA0;V4403NL;4403;;;14400;5
86652-G4DA0;V4403NP;4403;;;14400;5
86675-G4DA0;V4404NL;4404;;;14400;5
86678-G4DA0;V4404NP;4404;;;14400;5
86676-G4DA0;V4405NL;4405;;;14400;5
86677-G4DA0;V4405NP;4405;;;14400;5
Nosič levý;V0943L;943;65,72;1;14400;5
nosič pravý;V0943P;943;65,72;1;14400;5
